"CREATOR_ID","row_id","KMeans","Hierarchical_Ward","DBSCAN","Spectral"
"._.ehe23",1,2,1,0,2
".hoang.kha.71",2,1,2,0,1
".k.c.c5",3,1,2,0,1
".qkhanh1403",4,2,1,0,2
".siudangiu06",5,2,1,0,2
".thy.em",6,2,1,1,2
".vnlifestyle",7,1,2,0,1
"02baoanh",8,1,2,0,2
"07081991t",9,2,1,0,2
"1101.donchan",10,2,1,0,2
"1185th",11,2,1,0,2
"1201belan",12,2,1,0,2
"123cnvit",13,2,1,0,2
"1309yenkhoa",14,2,1,1,2
"1_mi_revew",15,2,1,1,2
"1_phan_2",16,2,1,0,2
"1chutrider",17,1,2,0,2
"1mixinhxinh_",18,2,1,0,2
"2001chung",19,2,1,0,2
"2005_miie",20,1,1,0,2
"207.ht",21,1,2,0,2
"22_22_l",22,2,1,0,2
"26062002tn",23,2,2,0,2
"28_th5.05",24,1,2,0,2
"2catv",25,2,1,0,2
"2gsstudy",26,2,1,0,2
"2k7astol",27,2,1,0,2
"3d0919",28,1,2,0,2
"3tl.team",29,2,1,0,2
"404minhhieu.daily",30,2,1,0,2
"50ktipslamdeplonxon",31,2,1,0,2
"55h990",32,2,1,0,2
"60s9979",33,2,1,0,2
"6lauj2001",34,2,1,0,2
"7h_tyty",35,2,1,0,2
"80ducduy",36,1,2,0,2
"83.phim",37,2,1,0,2
"97.mayonair",38,1,1,0,2
"9slide.vn",39,1,2,0,2
"9x0215",40,2,1,1,2
"_.doriis",41,2,1,1,2
"_.rboot._",42,2,1,0,2
"_.sammeouu",43,2,1,0,2
"_.wubmd",44,2,1,0,2
"_02660",45,2,1,0,2
"_1107hqh_",46,2,1,0,2
"_25thangg07_",47,2,1,0,2
"__changranhrang",48,2,1,1,2
"__leo__k10",49,1,2,0,2
"__songyii",50,2,1,1,2
"__tid__01",51,2,1,0,2
"__tncuti",52,2,1,0,2
"_anhdun",53,2,1,0,2
"_bechangne",54,2,1,0,2
"_binh_an__",55,2,1,1,2
"_bochanhst",56,1,2,0,2
"_boss_mimi",57,2,1,0,2
"_clouddom",58,1,1,0,2
"_d.dziep11_",59,2,1,1,2
"_d.ngzoc.12_",60,2,1,0,2
"_deadzonnne_",61,2,1,0,2
"_dquang62",62,2,1,1,2
"_duythangg_",63,2,1,1,2
"_ebeivne",64,2,1,0,2
"_huongkool",65,1,2,0,2
"_lacquanyeudoihaha",66,2,1,0,2
"_linhnhi",67,2,1,0,2
"_mancci_",68,2,1,0,2
"_meomeo007",69,1,2,0,1
"_meowmeow213",70,2,1,0,2
"_mighiet",71,2,1,0,2
"_missliga",72,1,2,0,2
"_myee269",73,2,1,0,2
"_ng.hyenn",74,2,1,1,2
"_ngdephaysuy_",75,2,1,1,2
"_ngocdory08",76,2,1,1,2
"_ngocvui.211_",77,2,1,1,2
"_nguyenhongthuong",78,2,1,0,2
"_nh.minh",79,2,1,0,2
"_nhd.210_",80,2,1,0,2
"_nhi0611_",81,2,1,0,2
"_nhincl26",82,2,1,0,2
"_nhuuquynhh",83,2,1,0,2
"_nlbaotran",84,1,2,0,1
"_peachypiee_",85,2,1,0,2
"_phomaithui",86,2,1,0,2
"_ping999_9_",87,1,2,0,2
"_pphue",88,2,1,1,2
"_pupunpurin",89,2,1,0,2
"_quangduc16",90,2,1,0,2
"_quocbao05_",91,1,1,0,2
"_siudangghet",92,2,1,0,2
"_tapham8",93,2,1,0,2
"_tdt03.idk",94,2,1,0,2
"_thanhdung85",95,2,1,0,2
"_thanhthuy.hhvn_",96,2,1,0,2
"_tidlt",97,2,1,0,2
"_tiennghi06_",98,2,1,1,2
"_tiennghiday06_",99,2,1,1,2
"_tolaminhanh06",100,2,1,0,2
"_truc_ha6",101,2,1,0,2
"_tuandat05_09",102,1,2,0,2
"_tuanhoang_",103,1,2,0,2
"_tvy132",104,2,1,0,2
"_yen_thanh_",105,2,1,0,2
"a.i.cute",106,1,2,0,2
"a.lap.3010",107,2,1,0,2
"aan_ne8",108,2,1,0,2
"abanhh___",109,2,1,0,2
"abcxzy987878",110,2,1,0,2
"abenthoren",111,2,1,0,2
"aboutthuw",112,1,2,0,2
"abt.ruaa",113,2,1,1,2
"adai66888",114,2,1,0,2
"addphim2",115,2,1,0,2
"adminkhaofficial",116,1,2,0,2
"adorima_",117,1,2,0,2
"aerichanw",118,1,2,0,2
"aetodayyy",119,2,1,0,2
"ahihi29_9",120,2,1,0,2
"ahongtrasua",121,2,1,0,2
"aigonew1ld",122,2,1,0,2
"aili26.02",123,1,2,0,2
"akacuakyla",124,2,1,0,2
"akinoshenji206",125,2,1,0,2
"aliceduonggg777",126,2,1,0,2
"alithucphuong",127,1,2,0,2
"alobacsi.com",128,1,2,0,1
"amthuc48h",129,2,2,0,2
"amthucchuanvi",130,1,2,0,2
"amthucquangtri",131,2,1,0,2
"amthuctrunghoa02",132,1,2,0,1
"an.chi.bin",133,1,2,0,2
"an.vu167",134,2,1,1,2
"anchoireview6899",135,2,1,0,2
"ancunggiao",136,2,1,0,2
"ancunglam561999",137,2,1,0,2
"andymexe",138,2,1,0,2
"anfishing1610",139,2,1,0,2
"angellanhung1",140,2,1,0,2
"angiodauvlog",141,2,1,0,2
"angiomytho",142,1,2,0,2
"angoctonytv1",143,1,2,0,2
"anhbachvlog",144,2,1,1,2
"anhbeoriviu",145,1,2,0,2
"anhcamcam",146,2,1,0,2
"anhchau254",147,2,1,0,2
"anhchubungbu",148,2,1,0,2
"anhchuxuongdeptrai",149,2,2,0,2
"anhdaonguyen206",150,2,1,0,2
"anhdaxanhreal",151,2,1,0,2
"anhductrinh13",152,2,1,1,2
"anhfuxe76b",153,1,1,0,2
"anhgabaton",154,1,2,0,2
"anhgakon",155,2,1,0,2
"anhkietshop",156,1,2,0,2
"anhltn486",157,2,1,0,2
"anhsacanh.vn",158,1,2,0,2
"anhsonmenmen",159,1,2,0,2
"anhtay62",160,1,2,0,2
"anhthanh2308",161,1,2,0,2
"anhthodung1995",162,2,1,1,2
"anhtholopofficial",163,2,1,0,2
"anhtu8688",164,1,2,0,2
"anhtuandzaiivcl6_",165,2,1,0,2
"anhtuanne83939",166,2,1,0,2
"anhtuyet02_",167,2,1,0,2
"anhvien_07",168,2,1,1,2
"anlt.94",169,2,1,0,2
"annafamily10",170,2,1,1,2
"annatrang822",171,2,1,0,2
"anngoncung.ngoc",172,2,1,0,2
"anngoncunglu",173,1,2,0,2
"anngonhocmon",174,2,1,0,2
"annhien.656",175,1,2,0,2
"anntocmay",176,2,1,0,2
"ansaplongan",177,2,1,1,2
"ansapsaigon",178,1,2,0,2
"ansapviettrine",179,2,1,1,2
"antanhuong.contact",180,2,1,0,2
"antistar1909",181,2,1,0,2
"anyen.cuadau",182,2,1,0,2
"aphongnauan_88",183,2,1,0,2
"applegiatien",184,1,1,0,2
"aquangfoto",185,2,1,0,2
"argusmlbbnews",186,1,2,0,1
"arieschan21",187,2,1,0,2
"ashibaaaa",188,2,1,1,2
"asipofurmay",189,2,1,0,2
"atho.alu7979",190,2,1,0,2
"atsimpkitty",191,1,2,0,2
"atugmain",192,2,1,0,2
"august13052007",193,2,1,1,2
"awfulmusic.playitloud",194,2,1,0,2
"aysabivi138",195,2,1,0,2
"azcoach",196,2,1,1,2
"b.nhm525",197,2,1,0,2
"ba0ngoc0107",198,2,1,0,2
"babaoboi1987",199,1,2,0,2
"babayla20",200,2,1,0,2
"babikajimah",201,2,1,0,2
"baby2602pav",202,2,1,0,2
"babyiumii",203,2,1,0,2
"babykopohome",204,1,1,0,2
"babyred_fsr",205,2,1,0,2
"bacgau1989",206,2,1,0,2
"bachmytiktok",207,2,1,1,2
"bachvatngu",208,1,2,0,2
"bactaivlog",209,1,2,0,2
"bactocbac",210,1,2,0,2
"bacvinhh",211,1,2,0,2
"badbie.official",212,2,2,0,2
"baelovejasmine",213,2,1,1,2
"bahoaivuive",214,2,1,0,2
"bahytuvanxecotam",215,1,2,0,2
"ban_nhac_suy",216,1,2,0,1
"banddz7",217,1,2,0,1
"bangmullet105",218,2,1,0,2
"bangtrucne",219,1,2,0,2
"banhchae_08",220,2,1,0,2
"banhnganloptonguan",221,2,1,0,2
"bao02006_",222,2,1,0,2
"baoan_mypham",223,1,2,0,2
"baodoann",224,2,1,0,2
"baokhumquao",225,2,1,0,2
"baolinhyenmy",226,2,1,1,2
"baomeowgovapp",227,2,1,0,2
"baongan.549",228,2,1,0,2
"baooyennbanhh",229,2,1,0,2
"baotrangtayninh",230,2,1,0,2
"baotrinhfitness",231,2,1,0,2
"baovahieu_",232,1,1,0,2
"bapbap7889",233,2,1,0,2
"baphuocml",234,2,1,0,2
"bar.shimavn",235,2,1,0,2
"baro.papa",236,1,2,0,1
"bathieny",237,2,1,1,2
"baunamfamily",238,1,2,0,1
"baybabe777",239,2,1,0,2
"bbaoongoc",240,2,1,1,2
"bbi_cat9",241,2,1,0,2
"bbiongdangill",242,2,1,1,2
"bcbybug",243,2,1,0,2
"bdd4227",244,1,2,0,2
"be7cutequa",245,2,1,0,2
"be_huongcr7",246,2,1,0,2
"beakoidabest",247,2,1,0,2
"beanknight.dance",248,1,2,0,2
"bebiitv",249,2,1,1,2
"beck.7306",250,1,2,0,1
"bedangbae",251,2,1,0,2
"bee.viee",252,2,1,0,2
"behy008",253,2,1,0,2
"beli.review",254,2,1,0,2
"beluncuti04",255,1,2,0,2
"bemimeomeo_126",256,1,2,0,2
"bemy2k",257,1,2,0,2
"ben.vi6",258,2,2,0,2
"bengoancuame0",259,2,1,1,2
"benice.andy",260,2,1,0,2
"benjaminfrankiin369",261,2,1,0,2
"benzoneplayer",262,2,1,1,2
"beodei",263,1,1,0,2
"bep_nho_mymy",264,2,1,0,2
"bepbepkute",265,2,1,0,2
"bepcovang",266,2,1,0,2
"bepnangchangnau",267,2,1,1,2
"beponctee20",268,2,1,0,2
"bepxua",269,2,1,0,2
"bequynhff21.2",270,1,2,0,2
"beyeu.xinh",271,1,2,0,1
"bhuyen_107",272,2,1,1,2
"biatichcucvn",273,1,2,0,2
"bichau149",274,2,1,0,2
"bichbop19999",275,2,1,0,2
"bichhuong021006",276,2,1,0,2
"bichngoc_16",277,2,1,0,2
"bichtien_virgo",278,2,1,1,2
"bihayho_24",279,2,1,0,2
"biinhoang6789",280,2,1,0,2
"bilong.non.la",281,2,1,0,2
"bilongfifa",282,2,1,1,2
"binbincutiii",283,2,1,0,2
"binhansieucappro",284,2,1,0,2
"binhdinh1912",285,2,1,0,2
"binhgau_0208",286,2,1,0,2
"binhne170",287,2,1,0,2
"binhruoumo6868",288,2,1,1,2
"binhtainang",289,2,1,1,2
"binhvideochua",290,2,1,0,2
"binhyentoc",291,1,1,0,2
"binino9nine9fcmobile",292,2,1,0,2
"biqwill7y",293,2,1,1,2
"bitavlog68",294,2,1,0,2
"blacka083",295,1,2,0,2
"blacklyric_08",296,1,2,0,2
"blogluthao",297,1,2,0,2
"bobo38839",298,2,1,0,2
"boboo7720",299,1,2,0,2
"boboxinchaoo",300,2,1,0,2
"bocobo161",301,2,1,1,2
"boconngoigom",302,2,1,0,2
"bodoichoigame1",303,2,1,0,2
"boiiwnqoc",304,2,1,1,2
"bolyohan",305,1,2,0,2
"bon.tq1",306,2,1,0,2
"bonammephim",307,2,1,0,2
"bongahh27",308,2,1,1,2
"bongbunfamily",309,2,1,0,2
"bongos.ptht",310,1,2,0,2
"bongtruyenthong",311,1,2,0,1
"boss.tuan888888",312,2,1,0,2
"botrecon1827",313,2,1,0,2
"bovabap36",314,2,1,0,2
"bowallpaper",315,2,1,0,2
"boxdauhop",316,2,1,0,2
"boyshouldnotcry",317,2,1,0,2
"boytubynv02",318,2,1,0,2
"bqom39",319,2,1,0,2
"brown_xiaoyizi",320,2,1,0,2
"brunab_mavie_mel",321,1,2,0,1
"bs.tranvuvinh",322,1,2,0,2
"bs_haichau",323,2,1,0,2
"bshungdinhduong",324,1,2,0,2
"btg_official.vn",325,2,1,0,2
"btv.thanh.huyen.v",326,2,1,0,2
"bu396879",327,1,2,0,2
"buanaodian",328,2,1,1,2
"bubududucorner",329,2,1,0,2
"bubutranxoxo",330,1,2,0,2
"buffetkeodeo15k",331,1,2,0,2
"buiducvi3t98",332,2,1,0,2
"buiduytruong_01",333,2,1,0,2
"buihonganhofficial",334,2,1,0,2
"buihuuthang.official",335,1,1,0,2
"buiquynhtrangg02",336,2,1,0,2
"buithuytrangne",337,2,1,0,2
"bum.bayah",338,1,2,0,2
"bunbisun",339,2,1,1,2
"bunchacaaa",340,2,1,0,2
"bundarauma228",341,2,1,0,2
"bunnhine",342,1,2,0,2
"bunnie2305",343,2,1,0,2
"bunny.khvy_roblox",344,2,1,1,2
"bunriulathuylinh",345,2,1,1,2
"bupbela",346,2,1,0,2
"bvb512_",347,1,2,0,2
"cachep_",348,1,2,0,2
"cadomino01",349,2,1,0,2
"cafe_020524",350,2,1,0,2
"caheomeoxinhyeu",351,2,1,0,2
"caiphongnhoxiu",352,1,2,0,2
"calemsiculaa",353,2,1,1,2
"callmejackie9",354,1,2,0,2
"camapcon2023",355,2,1,1,2
"camifrac",356,1,1,0,2
"camsieubeo",357,1,1,0,2
"camvancogaimientay_",358,2,1,1,2
"camxong91",359,2,1,0,2
"cao.thientrang",360,2,1,0,2
"caocuongvu",361,2,1,0,2
"caothanhdance",362,1,2,0,2
"caothuonq_06",363,1,2,0,1
"caotruongthinh7",364,2,1,0,2
"caovotri.real",365,2,1,0,2
"capcut_huuthinh",366,2,1,0,2
"capcut_huutuyen77",367,1,2,0,1
"capdoilinhchi",368,1,1,0,2
"capdoixanhsm",369,1,2,0,2
"caphetrungvit",370,1,2,0,2
"captain_nbquoc",371,1,1,0,2
"capybubulovedudu9",372,1,2,0,2
"caroline_aron",373,2,1,1,2
"cartied",374,2,1,0,2
"cartoon.tom.andjerry",375,2,1,0,2
"cat_house.93",376,2,1,0,2
"catbaby0",377,1,2,0,2
"catooblarus",378,2,1,1,2
"catuverse01",379,2,1,0,2
"caubeheodat_203",380,1,2,0,2
"cauut..99",381,2,1,0,2
"cauvangnhaxia",382,2,1,0,2
"cayomoi",383,2,1,0,2
"ccntna212",384,2,1,0,2
"ceohayen",385,2,1,0,2
"ceotiep",386,1,2,0,2
"chaiyeudau01",387,2,1,0,2
"chamcan5official.ik",388,1,2,0,2
"chamchamrevieww",389,2,1,0,2
"chammi.23396",390,2,1,1,2
"chamsuaa",391,2,1,0,2
"chan.funnnn",392,2,1,0,2
"chan57_",393,2,1,0,2
"chan_ly_la_ly_co_chan",394,2,2,0,2
"chang.anh.xu.x",395,2,1,0,2
"chang0000",396,2,1,0,2
"changkho7037",397,1,2,0,2
"charongstudio",398,2,1,1,2
"chatlieubangai29",399,2,1,0,2
"chau.macgi",400,2,1,0,2
"chaucuaputin",401,2,1,0,2
"chaukimcuong",402,2,1,0,2
"chaungocminhchau0211",403,2,1,1,2
"chauthichanuong",404,2,1,0,2
"chauxamau",405,2,1,0,2
"chay.tocdep",406,2,1,0,2
"chee_1003",407,2,1,0,2
"cheeseded",408,2,1,0,2
"cheesememew",409,2,1,1,2
"chelamcongchua",410,2,1,1,2
"cherlywwi",411,2,1,0,2
"cherry.nguyen8",412,2,1,0,2
"cherrynguyen0406",413,1,2,0,2
"chi.lam.0129",414,2,1,0,2
"chi.thien05",415,2,1,0,2
"chiasecungthachdau",416,1,2,0,1
"chichi9813",417,2,1,0,2
"chichilinh__",418,1,2,0,2
"chidichilll",419,2,1,0,2
"chiechaivbiz1",420,1,2,0,1
"chieclathu90",421,1,2,0,2
"chienhalo",422,1,2,0,2
"chieu30tet",423,1,1,0,2
"chill20039",424,2,1,0,2
"chillhenh96",425,1,2,0,1
"chin.ma.bii",426,1,2,0,2
"china.boys3",427,1,2,0,1
"chindaikkk",428,2,1,0,2
"chinese.ladyyy",429,2,1,0,2
"chipcuti2609",430,2,1,0,2
"chipp_oi",431,1,2,0,2
"chippp18012011",432,1,1,0,2
"chippp_oi6",433,2,1,0,2
"chloeyumyum",434,2,1,0,2
"chng.ngoi.9",435,1,2,0,2
"choi021102",436,2,1,0,2
"chouchou20.03",437,1,2,0,1
"chrisvn0203",438,2,1,0,2
"chu_ca_reviews",439,2,1,0,2
"chubalangthang",440,1,2,0,2
"chubethichhattenlasumo",441,2,1,0,2
"chucr13",442,2,1,0,2
"chuhungvlog",443,2,1,1,2
"chuminhphuc20111999",444,2,1,0,2
"chunganh.05",445,1,2,0,2
"chungtunn",446,2,1,0,2
"chunneaov",447,1,2,0,2
"chunpopofficial",448,2,1,0,2
"chuongdinh369",449,1,2,0,2
"chuottttttttt_t",450,2,1,0,2
"chusdy_201",451,2,1,0,2
"chutchitoffical",452,2,2,0,2
"chuthocon277",453,2,1,0,2
"chuthovuive",454,2,1,0,2
"chuubodoi17b4",455,1,1,0,2
"chuyen_ve_xee",456,1,2,0,2
"chuyenbongda2024",457,1,2,0,2
"chuyencuaaike",458,2,1,0,2
"chuyencuacun.1001",459,1,2,0,2
"chuyengiaphamau",460,2,1,0,2
"chuyennhabap23",461,2,1,0,2
"chuyennhaty.official",462,1,2,0,2
"chuyentauchill",463,1,2,0,2
"ciiiara",464,1,2,0,2
"cimnga7",465,2,1,0,2
"cimngan0503",466,2,1,0,2
"cl.hotbiz",467,2,1,0,2
"cl.socialbiz",468,2,1,0,2
"co.chip",469,2,1,0,2
"co_bap_mn",470,1,2,0,2
"co_ngan_2k",471,2,2,0,2
"coca_cafe_ken",472,1,2,0,1
"cocailonnha3",473,2,1,1,2
"cochu_review1311",474,2,1,0,2
"cogaihaythichanuong",475,2,1,0,2
"cogaivangdangam60",476,1,1,0,2
"cogiaophuongphuong13",477,1,2,0,1
"cogiaothuhoai",478,2,1,0,2
"cohanhdaymassage",479,1,2,0,2
"cohuyennguvan",480,1,2,0,2
"cokhuyet",481,1,2,0,2
"colacola.here",482,2,1,1,2
"colansaithanh",483,2,1,0,2
"comnha28",484,2,1,0,2
"comtuoitho",485,2,1,0,2
"conangautumn",486,2,1,0,2
"conchu661",487,1,1,0,2
"cong_vy_",488,1,2,0,2
"congng.184",489,2,1,0,2
"congoctuongso",490,1,2,0,2
"conhanchilo",491,1,2,0,2
"conluoireview",492,1,2,0,2
"conmeochabong",493,2,1,0,2
"conmeokeusao122",494,1,2,0,1
"coreviewsinhtonn",495,1,2,0,2
"corniengo",496,2,1,1,2
"cothanh.banlong",497,2,1,0,2
"cothitv18",498,1,2,0,2
"cothoaphuthuy",499,1,2,0,2
"cout.long.an",500,1,2,0,2
"crushing.crunchy_",501,1,2,0,2
"cthoj01",502,2,1,0,2
"cuachanboa",503,2,1,0,2
"culunthiet",504,2,1,0,2
"cun_dangngur",505,2,1,1,2
"cuocsongbar",506,2,1,0,2
"cuocsongnangdau",507,2,1,0,2
"cuoi1987",508,2,1,0,2
"cuoikhuckhich",509,2,2,0,2
"cuong69nc",510,1,2,0,2
"cuongbao85",511,2,1,0,2
"cuongdiamond_99",512,1,2,0,2
"cuongnguyenn05",513,2,1,1,2
"cuongtailor86",514,2,1,0,2
"cuuconaudio88",515,2,1,0,2
"cuuhootothanhpho",516,2,1,0,2
"cuuthiendi",517,1,2,0,2
"d.m1006088",518,2,1,1,2
"d.v.t.g.3.6.9",519,1,2,0,1
"dailyglow.cheese",520,2,1,0,2
"dailywithzii",521,2,1,0,2
"dambangnhi2411",522,2,1,0,2
"damduc.review",523,2,1,0,2
"damminhngoc",524,2,1,0,2
"damthinhuquynh",525,2,1,0,2
"damtran2004",526,2,1,0,2
"damxoithocat",527,2,1,0,2
"dan_tam0701",528,2,1,0,2
"dandp.journey",529,2,1,0,2
"danghoailinh_shop",530,1,2,0,2
"dangminh.review",531,2,1,0,2
"dangquocviet0502",532,2,1,0,2
"danhle757",533,2,1,0,2
"danmy.btd",534,2,1,0,2
"dannyduy",535,2,1,0,2
"dao_phat_tu_bi",536,1,1,0,2
"daodang_fb",537,2,1,0,2
"daohongson.bjj",538,1,2,0,1
"daolemailan2006",539,1,2,0,2
"daothinhvuongofficial255",540,1,2,0,2
"daouttam",541,2,1,0,2
"darkiaov9126",542,1,2,0,2
"datcamha",543,2,1,0,2
"datsabo",544,2,1,0,2
"dauhuff",545,2,1,0,2
"davoslingo",546,1,2,0,2
"daylabaotrang",547,1,2,0,2
"dazzcam.td",548,2,1,0,2
"ddghost",549,2,1,0,2
"dede.less",550,2,1,0,2
"degiketao",551,2,1,0,2
"deho.tran2711.9x",552,2,1,0,2
"delwyn.cap",553,1,2,0,1
"denhatks",554,2,1,1,2
"denmoneo",555,2,1,0,2
"designfuture.hkp",556,1,2,0,1
"dgappletv9",557,1,2,0,1
"dgq2004",558,1,1,0,2
"dibiencungvinh",559,2,1,0,2
"dicaphe.dn",560,2,1,0,2
"dich.vu.cong.online",561,1,2,0,2
"dichdao123",562,2,1,1,2
"dicungthy",563,2,1,0,2
"dido_review",564,2,1,1,2
"diemtrann204",565,1,2,0,2
"dien.tri.vn",566,2,1,1,2
"diendler94",567,2,1,0,2
"dienmaynamhoang",568,1,2,0,1
"dienvien_kimdao",569,1,1,0,2
"dienvienbetu",570,2,1,0,2
"diepthanh605",571,1,2,0,2
"dieuduide436",572,1,2,0,2
"dieulinh15.37",573,2,1,1,2
"dieulinhxinh_",574,2,1,0,2
"dieuthuvi247",575,2,1,0,2
"dieuthuyen_tv",576,1,2,0,2
"diikhenn",577,2,1,1,2
"dikhaphatinh._",578,2,1,1,2
"dingdingdc",579,1,1,0,2
"dinhhuy2695",580,2,1,0,2
"dinhkhanh1706",581,2,1,0,2
"dinhmientay63",582,1,2,0,2
"dinhtrangthao03",583,2,1,0,2
"ditucogivui",584,2,1,0,2
"dizyhihi",585,1,1,0,2
"djgiangtieubach",586,1,2,0,1
"djminhhy",587,1,1,0,2
"djokovicfco",588,1,2,0,2
"dka.hanoi2812",589,1,2,0,2
"dkh0324",590,1,2,0,2
"dkhongan",591,2,1,0,2
"dmq_h",592,1,2,0,2
"dn_shop79",593,2,1,0,2
"dndiep1603",594,2,1,0,2
"dng.nguyn.vn500",595,2,1,0,2
"dnzmondayyy",596,2,1,0,2
"doanhuyofficial",597,2,1,0,2
"docaunhutthien014",598,2,1,0,2
"dochoitreem66",599,1,2,0,2
"docla_vietnamese",600,2,1,0,2
"doctor.diiiii",601,2,1,0,2
"dodinhhung08",602,2,1,0,2
"dokimphuc.official",603,2,1,0,2
"dolstory",604,2,1,0,2
"donamvandinhshop",605,2,1,0,2
"dong.thuydung",606,2,1,0,2
"dongchaylichsu99",607,2,1,0,2
"dongcongocdiep",608,2,1,0,2
"dongduyen1995",609,2,1,0,2
"dongkhang08",610,1,1,0,2
"donglongbongcbvn",611,2,1,0,2
"dongochuyennn",612,2,1,0,2
"dontdont58",613,1,2,0,2
"dontranmusic",614,2,1,0,2
"doraemon_nobita_vn",615,1,2,0,2
"dorxionggg",616,2,1,0,2
"dothuy0407",617,2,1,0,2
"dothuyquynh999",618,1,2,0,2
"doublesunday",619,2,1,0,2
"douyiini2k",620,1,1,0,2
"douyinchina132",621,2,1,0,2
"dphong3",622,1,2,0,2
"dpshop.vn",623,2,1,0,2
"dqh1202",624,1,2,0,2
"dr4gonsmohinh",625,2,1,0,2
"dragon_8824",626,2,1,0,2
"dragonkim_vietnam",627,2,1,0,2
"drawkn995",628,2,1,1,2
"dsmartkids",629,2,1,0,2
"dtdung93",630,2,1,1,2
"dtkn2510209",631,2,1,0,2
"dtmt1104",632,2,1,1,2
"dtphuocthao",633,1,2,0,2
"du.mamy",634,2,1,0,2
"du_lich_dalat",635,1,2,0,2
"duabap.ff",636,1,2,0,2
"ducanh.cameraman",637,2,1,1,2
"ducanh101205",638,2,1,0,2
"ducanh94",639,2,1,0,2
"ducanhnghienbongda",640,1,2,0,2
"ducdiepstore",641,1,2,0,1
"duchai912",642,2,1,0,2
"duchoangwww",643,2,1,0,2
"duckim90",644,2,1,0,2
"duclhuy",645,2,1,0,2
"ducsky03",646,2,1,0,2
"ductai193",647,2,1,1,2
"ducthangds",648,1,2,0,2
"ducti97",649,1,2,0,2
"ductrinhreview",650,2,1,0,2
"ductung.official",651,2,1,0,2
"duguwuchen",652,2,1,0,2
"duhoangdii.daily",653,2,2,0,2
"duhocsinhchualang__",654,1,2,0,2
"duisothua",655,1,2,0,2
"dulichngaymua",656,2,1,0,2
"duminhtruong1999",657,2,1,0,2
"dunaplay2807",658,1,2,0,2
"dungconshop2",659,2,1,0,2
"dungtqd",660,2,1,0,2
"duoc2003",661,1,1,0,2
"duong_iugdhoangchanhkhai",662,1,2,0,1
"duongcamlynh",663,2,1,0,2
"duongduy0404",664,2,1,0,2
"duongluu.228",665,2,1,1,2
"duongmannhireview",666,1,1,0,2
"duongminhquy003",667,2,1,0,2
"duongmydien__",668,1,2,0,1
"duongnhicm",669,2,1,0,2
"duongnhoc99",670,2,1,0,2
"duongph.m",671,2,1,0,2
"duongsieu6",672,2,1,0,2
"duongskitchen",673,2,1,0,2
"duongtanggiangphap",674,1,2,0,2
"duongti1996",675,1,2,0,1
"duongyennhi164",676,2,1,0,2
"dutadiy",677,1,2,0,2
"duy1201000",678,2,1,0,2
"duy_megame",679,1,2,0,2
"duybaby65",680,2,1,0,2
"duyenxinh123",681,2,1,0,2
"duykhanh_723",682,1,1,0,2
"duynguyen3939",683,2,1,0,2
"duynxingxiu",684,2,1,0,2
"duytaca1",685,2,1,0,2
"duythai0507",686,2,1,0,2
"duyvucheckvar",687,2,1,1,2
"dvb.2004",688,2,1,0,2
"dvcd.62",689,1,2,0,1
"dvien.sontung",690,2,1,0,2
"dxxngkyanh",691,2,1,0,2
"dy.nhy.douyin",692,1,2,0,2
"dygenz",693,2,1,0,2
"dynoranetwork",694,2,1,0,2
"ebeschichilinh",695,2,1,1,2
"ech.aov.2208",696,1,2,0,2
"echidv",697,2,1,0,2
"edwardnhieuchuyen",698,1,2,0,1
"edying.99",699,1,2,0,2
"eiranhi16",700,1,2,0,2
"elizabeth95164",701,2,1,0,2
"elizarobert_to",702,2,1,0,2
"ella.nguyen.thi",703,2,1,0,2
"elsanguyen_official",704,2,1,0,2
"em011293",705,2,1,0,2
"embealike",706,1,2,0,2
"embebongbong261",707,2,1,0,2
"embecuaban_02",708,2,1,0,2
"embeeee_makeup",709,2,1,1,2
"embelai.maya",710,1,2,0,2
"embematnaoo",711,1,2,0,2
"embemauhong2012",712,1,1,0,2
"embenana99",713,2,1,0,2
"embexinhhisme",714,2,1,0,2
"embokuti",715,2,1,0,2
"emlahatrinhday11",716,2,1,1,2
"emlingdi",717,2,1,1,2
"emlinhdonam",718,2,1,0,2
"emmersweet",719,1,1,0,2
"emmie.daily",720,2,1,1,2
"emmyle88",721,2,1,1,2
"emnu69",722,1,1,0,2
"empeiuoy_",723,2,1,0,2
"emquy05",724,1,2,0,2
"emthuythuyyy",725,2,1,0,2
"emxinh.9",726,1,2,0,1
"emxuan.anhnghi",727,1,2,0,2
"endeeinmyheart10",728,2,1,0,2
"ender_slivervn",729,2,1,0,2
"endersff",730,2,1,0,2
"engriviu",731,2,1,0,2
"engsoup_ducy",732,2,1,1,2
"ethan_kelly_thangucviet",733,1,2,0,2
"ety3212",734,2,1,0,2
"evie_yoroom",735,2,1,0,2
"extraordinaryedwards",736,2,1,1,2
"eznhaman",737,1,2,0,2
"faketft",738,2,1,0,2
"fan.bac.tlquang",739,2,2,0,2
"fan.ducmomtv",740,2,1,0,2
"fan_rondarousey27",741,2,1,0,2
"fanh2911",742,2,1,0,2
"fbhuehoang222",743,2,1,0,2
"fbtrieuhang",744,2,1,0,2
"fcm.lux888",745,2,1,0,2
"felinious",746,2,1,0,2
"femin",747,2,1,0,2
"film_xua88",748,2,1,0,2
"flandremlem",749,2,1,0,2
"fobo.music",750,2,1,0,2
"for.live777",751,1,2,0,2
"freenbecca",752,1,2,0,1
"fromchinawithlove2003",753,1,2,0,2
"frost_fcm",754,1,2,0,2
"full.music.89",755,1,2,0,2
"funnyayaitv",756,2,1,0,2
"fuyu_wg",757,1,2,0,2
"fyp3366",758,2,1,0,2
"fyroven",759,1,2,0,1
"g.cto",760,1,2,0,2
"gaideplamdep",761,2,1,1,2
"game8.vn",762,1,2,0,2
"gamegichua",763,2,1,1,2
"gamoreview_91",764,1,2,0,2
"ganrer_at",765,1,2,0,1
"gatgu_channel",766,1,2,0,2
"gatongday",767,2,1,0,2
"gaubongg112",768,2,1,0,2
"gauhamchoi277",769,2,1,1,2
"gaunaudepgai",770,1,1,0,2
"gautalo",771,1,2,0,2
"gbaoyeager2011",772,2,1,0,2
"gc.2000",773,2,1,0,2
"gdlinhsan",774,2,1,0,2
"genjadao",775,2,1,0,2
"gfxamndt",776,1,2,0,2
"ggamechill",777,2,1,1,2
"ghastboymc01",778,2,1,0,2
"ghost_house_43",779,2,1,1,2
"gi.tr.cuc.sng58",780,1,2,0,2
"gia.phm867",781,2,1,0,2
"giabao19na",782,2,1,0,2
"giabao797998",783,2,1,0,2
"giabaotvv",784,2,1,0,2
"giacngoadidaphat89",785,1,2,0,2
"giadinh2bao",786,2,1,1,2
"giadinh_messi_sori",787,2,1,1,2
"giadinhbinbon2023",788,2,1,0,2
"giadinhbobbi",789,2,1,0,2
"giadinhbongbang9x",790,2,1,0,2
"giadinhdauoi",791,1,2,0,2
"giadinhhaiphong",792,2,1,0,2
"giadinhhoanhi.diary",793,2,1,0,2
"giadinhkhanhngan",794,1,2,0,2
"giadinhmeommay",795,2,1,0,2
"giadinhmeomo",796,2,1,1,2
"giadinhnhasoc2807",797,1,2,0,2
"giadinhnhimxinh",798,2,1,0,2
"giadinhrongchoi",799,2,1,0,2
"giadinhrosie6886_",800,2,1,0,2
"giadinhshinleo",801,2,1,0,2
"giadinhthaovi",802,2,1,0,2
"giadinhvanthiem",803,2,1,0,2
"giahan.31100",804,2,1,0,2
"giahan.diary",805,2,1,0,2
"giahan2407",806,2,1,1,2
"giahanclothing09",807,2,1,0,2
"giahanlaminh2410",808,2,1,1,2
"giaidieuquehuong7",809,2,1,0,2
"giaidieusaotruc",810,1,2,0,2
"gialinhnguyen.6",811,1,2,0,2
"gialong294",812,1,2,0,2
"giamdoclong",813,2,1,1,2
"giang.gmo94",814,2,1,0,2
"giangchannn",815,1,2,0,2
"giangcuman29",816,1,2,0,2
"giangng025",817,2,1,1,2
"giitrtiktok3",818,2,1,0,2
"gimlion",819,2,1,0,2
"giratina.zane",820,2,1,0,2
"gjangsun",821,1,2,0,2
"gkhanggg78910",822,2,1,0,2
"glowbycamille",823,2,1,0,2
"glowupwithsol2124",824,2,1,0,2
"gocmohinh",825,2,1,0,2
"gocnhinmma",826,1,2,0,2
"gocnhoxinhxan090607",827,2,1,0,2
"gocvivudoday",828,2,1,1,2
"god.of.wealth2025",829,2,1,0,2
"godelsu___aov",830,2,1,0,2
"goldenroostercollection",831,1,2,0,2
"goldensnake184",832,2,1,0,2
"gonpinkk",833,1,2,0,2
"graceta96",834,2,1,0,2
"guhu0102",835,2,1,0,2
"gwang1702",836,2,1,0,2
"gym_dragon",837,2,1,0,2
"gymchodanong",838,2,1,0,2
"gymer5203",839,1,2,0,2
"gymnancy",840,2,1,0,2
"gymnewsvn",841,2,1,0,2
"gymvavothuat2k",842,1,2,0,2
"gzl_1824",843,2,1,0,2
"h.anhchau",844,2,1,0,2
"h.blandie",845,2,1,0,2
"h.ngaa1809",846,2,1,0,2
"h04ngtuc4pcut",847,1,2,0,2
"h1_.sleepybeauty",848,2,1,0,2
"ha_nhii09",849,2,1,1,2
"ha_phog",850,1,1,0,2
"ha_thi_duyen",851,2,1,0,2
"haaaahaaaa33",852,2,1,0,2
"haanie__f",853,2,1,0,2
"habangtoro",854,2,1,1,2
"habaoboi296",855,2,1,0,2
"hacbachcongtu89",856,2,1,0,2
"hachireview74",857,2,1,0,2
"haen826592",858,2,1,0,2
"haha_412",859,2,1,0,2
"hahaohen_08",860,2,1,0,2
"hahuhon0402",861,2,1,0,2
"hahuong8284",862,2,1,0,2
"haianh03110",863,2,1,0,2
"haianhbao68",864,2,1,0,2
"haianhmami",865,2,1,0,2
"haichi121",866,2,1,0,2
"haichinthangchin2909",867,2,1,0,2
"haidangaqua",868,2,1,0,2
"haidangff96",869,2,1,0,2
"haidepchaivch",870,2,1,0,2
"haidoaudio",871,1,2,0,2
"haininh.nguyen",872,2,1,0,2
"haiphong031297",873,2,1,0,2
"haiphongphoto.x",874,1,2,0,2
"haiyen666",875,2,1,0,2
"haketux",876,2,1,0,2
"hakieutrang0706",877,2,1,0,2
"halyw_07",878,2,1,0,2
"ham.n.hng.chuyn",879,1,2,0,2
"hamiine_",880,1,2,0,2
"han1565nt",881,1,2,0,2
"hanact",882,2,1,0,2
"hanagianganhh",883,1,2,0,2
"hang.nguyen.vn",884,2,1,0,2
"hangbupbe.xink",885,2,1,0,2
"hangdumucfc1",886,1,2,0,1
"hanghomhinhcoaching",887,1,2,0,2
"hanglunie",888,2,1,1,2
"hangmi9x",889,2,1,0,2
"hangpham_tiengtrung",890,2,1,0,2
"hanguyenlivestudio",891,1,2,0,2
"hanh.ey",892,2,1,1,2
"hanhtiny.dlk",893,2,1,1,2
"hanhvu996",894,2,1,0,2
"hanisitinh",895,1,2,0,2
"hanivani_hv",896,1,2,0,1
"hanklab",897,2,1,0,2
"hanoi_xanh",898,2,1,1,2
"haochane",899,1,2,0,2
"haohan3108",900,1,2,0,2
"haonghi93",901,2,1,0,2
"har_suki.vn",902,2,1,0,2
"harry.nguyen1601",903,2,1,0,2
"haulifeguard",904,1,2,0,2
"havachong",905,1,2,0,1
"haxinhxinh_95",906,2,1,0,2
"hbao4thg6",907,1,2,0,2
"hbiskibidi",908,1,2,0,2
"hchang.205",909,2,1,0,2
"hdyart",910,2,1,0,2
"healingandcamping",911,2,1,0,2
"hehee30012000",912,2,1,0,2
"heidi_truong",913,2,1,1,2
"heilwig05",914,2,1,0,2
"helokhoano",915,1,2,0,2
"helokhoaplay",916,2,1,0,2
"hemthanhxuan",917,1,2,0,2
"henryeditt",918,2,1,1,2
"heopepecute",919,1,2,0,2
"heostyle.04",920,1,2,0,2
"hero_log",921,1,2,0,2
"het_tien_unbox",922,2,1,0,2
"hey.meridaily",923,2,1,0,2
"heyiamlinda",924,2,1,0,2
"heyitsgingerandpepper",925,2,1,0,2
"hhhuubao",926,2,1,0,2
"hhnguien_",927,1,2,0,2
"hi_kiwi",928,2,1,0,2
"hien.rik",929,1,2,0,2
"hienluongxink",930,1,2,0,2
"hienmeraucu",931,1,2,0,1
"hienonha",932,1,2,0,2
"hienreviewcoto",933,2,1,0,2
"hienxedang",934,1,1,0,2
"hiep_noview",935,2,1,0,2
"hieuanphatphap",936,2,1,0,2
"hieubkfm",937,2,1,1,2
"hieubuiba",938,2,1,0,2
"hieuchoiplay",939,2,1,0,2
"hieuclipfunny",940,2,1,0,2
"hieudauda",941,1,2,0,2
"hieumullet2",942,1,2,0,1
"hieuphamk3",943,2,1,0,2
"hieuride17x",944,2,1,1,2
"hieutom215",945,2,1,0,2
"hieuxxphamm",946,2,1,0,2
"hifeed3",947,1,2,0,1
"hiimlou",948,2,1,1,2
"hiizennie",949,1,2,0,2
"himedauday",950,2,1,0,2
"hinnee22_",951,2,1,0,2
"hinnydayne",952,2,1,0,2
"hithuday08032002",953,2,1,0,2
"hiucaucalive",954,1,2,0,2
"hiunguyen1111",955,2,1,0,2
"hiunnguyen",956,2,1,1,2
"hkd.2002",957,1,1,0,2
"hkha84.4",958,2,1,0,2
"hmkne",959,1,2,0,1
"hmoob.lis.11",960,2,1,1,2
"hmttruc_",961,2,1,0,2
"hn.kem",962,1,2,0,1
"hn.nhathaday",963,2,1,0,2
"hng.v.duy2",964,1,2,0,2
"hoa19ne",965,1,2,0,2
"hoadambut.12",966,2,1,0,2
"hoadobotrungnien8386",967,2,1,0,2
"hoaem48",968,1,2,0,2
"hoahaujenniferpham",969,2,1,1,2
"hoai.anhh575",970,2,1,1,2
"hoaib522",971,1,2,0,1
"hoaingansinger",972,2,1,1,2
"hoaioque99",973,1,2,0,2
"hoaithuong.mehaidua",974,2,1,1,2
"hoaithuongtran60",975,1,2,0,2
"hoaiunee",976,2,1,0,2
"hoaluxia02",977,2,1,1,2
"hoang__nt",978,2,1,0,2
"hoang_djeu_ky66",979,2,1,0,2
"hoanganh_idkk",980,1,2,0,2
"hoangbao0112",981,2,1,0,2
"hoangchamchi.tqh",982,2,1,0,2
"hoanghonmautim1619",983,2,1,1,2
"hoangkha3107",984,2,1,0,2
"hoanglinhmientay",985,2,1,0,2
"hoangmix.vn",986,1,2,0,2
"hoangmuaaidi",987,2,2,0,2
"hoangmy0296",988,2,1,1,2
"hoangnamnhn",989,2,1,0,2
"hoangnghilee",990,2,1,0,2
"hoangnguyeen_",991,2,1,0,2
"hoangphicong3",992,2,1,0,2
"hoangquynhtramm",993,2,1,1,2
"hoangreaction",994,2,1,1,2
"hoangrua102",995,1,2,0,2
"hoangtbao345",996,2,1,0,2
"hoangthanhhuyen889",997,2,1,0,2
"hoangtongnhu",998,2,1,1,2
"hoangtrongnghia9898",999,2,1,1,2
"hoangtuanmatacc3lan",1000,1,2,0,2
"hoangtuech2001",1001,1,2,0,2
"hoangtugio.wind_1992",1002,2,1,0,2
"hoangtutom1992",1003,2,1,0,2
"hoangtuyet1509",1004,2,1,0,2
"hoangvinhhh",1005,1,2,0,2
"hoangxecu888",1006,2,1,0,2
"hoanhathuynhgames",1007,2,1,0,2
"hoanhathuynhofficial",1008,2,1,0,2
"hoanhathuynhreaction",1009,1,2,0,2
"hoanlinhne",1010,2,1,0,2
"hoanodungmua",1011,2,1,0,2
"hoaquynh0000",1012,1,2,0,1
"hoc.lam.clip",1013,1,2,0,2
"hocgiaithuatcunghpn",1014,1,2,0,2
"hocuteawwww",1015,2,1,1,2
"hocvancungrose",1016,2,1,0,2
"hocvientuvi",1017,2,1,0,2
"hodailinh",1018,2,1,0,2
"hoduyphuong",1019,2,1,0,2
"hoen.04",1020,2,1,0,2
"hoian1982",1021,1,2,0,1
"hoiucvigiac",1022,1,2,0,1
"hokhang106",1023,2,1,0,2
"hometip365",1024,1,1,0,2
"homnayangi79",1025,2,1,0,2
"homongthi2000",1026,2,1,1,2
"hon_thieng_su_viet",1027,2,1,0,2
"hong.le1252",1028,2,1,0,2
"honghotkinhte",1029,1,2,0,1
"hongkavlogs",1030,2,1,0,2
"hongkiuriviu",1031,2,1,1,2
"hongnabi95",1032,2,1,1,2
"hongngocnguyen139",1033,1,1,0,2
"hongnhung020997",1034,2,1,1,2
"hongphienaudio",1035,2,1,0,2
"hongphuc0831",1036,2,1,0,2
"hongphuong410",1037,2,1,0,2
"hongthy0509",1038,2,1,1,2
"hongvan9183vn",1039,2,1,0,2
"hongyen01163",1040,1,1,0,2
"honh.lee",1041,2,1,0,2
"honhacho",1042,2,1,0,2
"hotline.pling",1043,2,1,1,2
"hoziihairsalon",1044,2,1,0,2
"ht.diy",1045,2,1,1,2
"ht.insaigon",1046,2,1,0,2
"hu.cung.dy.sng",1047,2,1,0,2
"hubertcu",1048,2,1,0,2
"huedaily",1049,2,1,0,2
"huee.03",1050,2,1,0,2
"huhudieune",1051,1,2,0,2
"hung.nguyenn",1052,1,2,0,2
"hung.rv",1053,2,2,0,2
"hungcaidudeptrai1m2",1054,2,1,0,2
"hungcamdayne",1055,1,2,0,2
"hungdongtinh",1056,2,1,0,2
"hungeditufc1",1057,2,1,0,2
"hungreal_67",1058,2,1,0,2
"hungrom97.official",1059,2,1,0,2
"hungther19",1060,2,1,0,2
"hunhngocbanh",1061,2,1,0,2
"hunthichreview",1062,2,1,0,2
"huonggiang.duongle",1063,2,1,1,2
"huonghoangdaily",1064,1,2,0,2
"huongle.huongle",1065,2,1,1,2
"huongnguyenofficial",1066,2,1,0,2
"huongshirley812",1067,2,2,0,2
"huongtruong_0805",1068,2,1,1,2
"huongxinh0412",1069,2,1,0,2
"huulong_05.03m",1070,2,1,0,2
"huy.ntp",1071,2,1,0,2
"huy00066",1072,1,2,0,2
"huy_ka_usd",1073,2,1,0,2
"huydata2025",1074,2,1,1,2
"huyen.mac.dep",1075,2,1,0,2
"huyenanh.tn",1076,1,2,0,2
"huyenanhh168",1077,2,1,1,2
"huyenaura_28",1078,1,2,0,2
"huyenchuothomecook",1079,2,1,0,2
"huyencocne",1080,2,1,1,2
"huyenlc02",1081,2,1,1,2
"huyentho_89",1082,2,1,0,2
"huyentreng_ne",1083,2,1,0,2
"huykhangtran119",1084,2,1,0,2
"huynguyen90409",1085,1,1,0,2
"huynhdangthong",1086,2,1,0,2
"huynhhaison97",1087,2,1,0,2
"huynhly3004",1088,1,2,0,2
"huynhnhy",1089,2,1,0,2
"huynhtune",1090,2,1,0,2
"huynhvanthu96",1091,1,2,0,2
"huyphong2368",1092,2,1,0,2
"huypphung04_",1093,1,2,0,2
"huytienich153",1094,1,2,0,1
"huytranduc06",1095,1,1,0,2
"hwang_mao",1096,2,1,0,2
"hwanglong.phimanh",1097,2,1,0,2
"hwitch99",1098,2,1,0,2
"hykhiduongduongofficial",1099,1,2,0,2
"hyun_wonie_",1100,2,1,1,2
"iamleo991",1101,1,2,0,2
"iamoscar.99",1102,2,1,0,2
"iamsarajoe",1103,2,1,0,2
"iamtibui.beautist",1104,2,1,0,2
"ibrobotx",1105,2,1,0,2
"iceice8058",1106,2,1,0,2
"icment",1107,1,2,0,2
"iconsrikka",1108,2,1,0,2
"id.phan.yn",1109,1,2,0,2
"ig.chiip310_",1110,2,2,0,2
"ig_chun.hi14",1111,2,1,0,2
"ilker.kaya.37",1112,1,2,0,2
"im.bichphuongnails5",1113,1,2,0,1
"imminayoung",1114,2,1,1,2
"imngochuyen0104",1115,2,1,0,2
"insleedidau",1116,2,1,0,2
"insupa2025",1117,1,1,0,2
"ising52hz",1118,2,1,0,2
"isstl",1119,2,1,0,2
"itsmevinh",1120,1,2,0,2
"iubesam",1121,2,1,0,2
"jadedo23",1122,2,1,0,2
"janenguyen2610",1123,2,1,0,2
"jayjay.livestream",1124,2,1,1,2
"jeffthetrash",1125,2,1,0,2
"jenna.anhphuong",1126,2,1,0,2
"jennyfitness2114",1127,2,1,0,2
"jessica.na_",1128,1,1,0,2
"jiji01_2",1129,1,2,0,2
"jiji5104",1130,1,2,0,2
"jim._07",1131,2,1,1,2
"jinmiaogroup",1132,1,2,0,2
"jintvshop",1133,1,2,0,2
"jinyin2021",1134,2,1,0,2
"joiepep.06",1135,2,1,1,2
"joilaiii",1136,2,1,0,2
"joitroaidep",1137,2,1,0,2
"jombieg5r",1138,1,2,0,2
"jstdarwin",1139,2,2,0,2
"jujubabi_",1140,1,2,0,2
"juleskimle",1141,2,1,0,2
"julie_thecutie92",1142,2,1,0,2
"jultanian",1143,2,1,0,2
"july_lychee",1144,2,1,0,2
"julyhome227",1145,2,1,0,2
"julymy11",1146,2,1,0,2
"julynoine",1147,2,2,0,2
"junbeka",1148,2,1,0,2
"juno_okyo",1149,2,1,0,2
"justbinhan",1150,2,1,0,2
"justin.only",1151,2,1,0,2
"justinaxiexcl",1152,2,1,0,2
"justwendyandhercontents",1153,1,2,0,1
"k.trang1201",1154,1,2,0,2
"k1gaming2001dz",1155,1,2,0,2
"k4tii_wxnt",1156,1,1,0,2
"kakykuc98",1157,2,1,0,2
"kame2k",1158,1,2,0,2
"kamuimammam",1159,2,1,1,2
"kamuitv",1160,2,1,0,2
"kamuiyewgame",1161,2,1,0,2
"kaolythao2005",1162,2,2,0,2
"kapibu",1163,2,1,0,2
"karaoketuanco",1164,2,1,1,2
"katuu.27",1165,2,1,0,2
"kawaki_2105",1166,2,1,0,2
"kchou206",1167,2,1,0,2
"kecamloi",1168,2,1,0,2
"kellyduyen09",1169,2,1,0,2
"kemmm_09",1170,2,1,0,2
"kenh247official",1171,1,2,0,1
"kenh69giayfu",1172,2,1,0,2
"kenh7.green",1173,1,2,0,2
"kenh7.news",1174,1,2,0,1
"kenhcuachus25",1175,2,1,0,2
"kennyngoc2001",1176,2,1,0,2
"kenspeed123h",1177,1,2,0,2
"khadangju",1178,2,1,0,2
"khakhokhaodan63",1179,2,1,1,2
"kham_pha_tam_hon",1180,2,1,1,2
"khamphacungbin",1181,2,1,0,2
"khangchoingu0",1182,2,1,0,2
"khangsubmairap",1183,1,2,0,2
"khangtruongggg",1184,1,2,0,2
"khanh.sartorial",1185,1,2,0,2
"khanh_ah_",1186,1,2,0,1
"khanhan.1801",1187,2,1,0,2
"khanhhuyen980",1188,2,1,0,2
"khanhhuyen_1311",1189,2,1,0,2
"khanhlinh171197",1190,2,1,0,2
"khanhlinh_babi",1191,2,1,0,2
"khanhlinhdaily",1192,2,1,0,2
"khanhlinhtran02",1193,1,2,0,2
"khanhly.2308",1194,1,2,0,1
"khanhly6153",1195,2,1,0,2
"khanhmydienvien",1196,2,1,0,2
"khanhngan.ng",1197,2,1,0,2
"khanhngan1694",1198,2,1,1,2
"khanhngo.us",1199,2,1,0,2
"khanhnhaque35",1200,2,1,0,2
"khanhrice",1201,2,1,0,2
"khanhtrung.official",1202,1,2,0,2
"khanhvanreview102",1203,2,1,0,2
"khanhvux6",1204,2,1,0,2
"khanoitro",1205,2,1,0,2
"khayphiphe",1206,1,2,0,2
"khcw_dat",1207,1,1,0,2
"khenh_duyeen",1208,2,1,0,2
"khetnews",1209,1,2,0,1
"khiemslayss",1210,2,1,0,2
"khnhlyvuong",1211,2,1,0,2
"khoa_0810kh",1212,1,2,0,2
"khoa_24th4",1213,2,1,0,2
"khoacao2k4",1214,1,2,0,2
"khoadibao",1215,1,2,0,2
"khoaigang",1216,2,1,0,2
"khoakuhe",1217,2,1,0,2
"khoanhatrang",1218,1,2,0,1
"khoapapa",1219,2,1,0,2
"khocongnghe",1220,2,1,0,2
"khoi582000",1221,1,1,0,2
"khoimykute",1222,2,1,0,2
"khoingong",1223,2,1,0,2
"khoiohio",1224,1,2,0,2
"kht.vng.tui.tr7",1225,2,2,0,2
"khucanhhung",1226,2,1,0,2
"khudinh",1227,2,1,0,2
"khuvuonbimat0",1228,1,2,0,2
"kichanmaygio_",1229,1,2,0,2
"kidingmc2022",1230,2,1,0,2
"kiem_birthday",1231,2,1,0,2
"kiemchuyenvoicatiktok",1232,2,1,0,2
"kienblack22",1233,1,2,0,1
"kienmusic_07",1234,1,2,0,2
"kienphamvincaphe",1235,2,1,0,2
"kienthanhle90",1236,2,1,0,2
"kientran5292",1237,1,2,0,2
"kienvahuong0306",1238,2,1,0,2
"kietsomall.ytb2",1239,2,1,0,2
"kieuchamchuai",1240,1,2,0,2
"kieuha1307",1241,2,1,0,2
"kieuhungdatviet",1242,2,1,0,2
"kieunuhole",1243,1,2,0,2
"kieuthom_kia_mazda",1244,2,2,0,2
"kieuthuhuong06",1245,2,1,0,2
"kieutienne01",1246,2,1,0,2
"kieutranghime",1247,1,2,0,2
"kieutranxikgai",1248,2,1,0,2
"kieutrucmientay999",1249,2,1,0,2
"kikimai1312",1250,2,1,1,2
"kim.minn",1251,1,2,0,2
"kimgiau2003",1252,1,2,0,2
"kiminy3",1253,2,1,0,2
"kimloan_0512",1254,2,1,0,2
"kimnganxingxingcaocao",1255,2,1,0,2
"kimo.chee",1256,2,1,0,2
"kimysok",1257,1,2,0,1
"kinduong93",1258,2,1,0,2
"king.hiphop_",1259,2,1,0,2
"kinhcan.rv",1260,1,2,0,2
"kinhdichne_09",1261,1,2,0,2
"kinienhu",1262,2,1,1,2
"kiramc02",1263,2,1,0,2
"kittyffne",1264,2,1,0,2
"kkhanh.ann",1265,2,1,0,2
"klbc888",1266,2,1,1,2
"knownest4",1267,1,2,0,2
"kokakhoa",1268,2,1,0,2
"kquangne_",1269,2,1,0,2
"krisnhi",1270,2,1,1,2
"ks.music102",1271,2,1,0,2
"ktdun_2000",1272,1,1,0,2
"ktrangxinhxan",1273,1,1,0,2
"kub_lis_suav",1274,2,1,1,2
"kun1999_",1275,2,1,0,2
"kunethien",1276,1,2,0,2
"kunvip97",1277,1,2,0,1
"kyduyen.22",1278,1,1,0,2
"kygiaducanh",1279,2,1,0,2
"kylatran",1280,2,1,0,2
"kylieemmy9696",1281,2,1,0,2
"kysondithu",1282,1,2,0,2
"laam07_ae",1283,2,1,0,2
"laceybibi",1284,2,1,0,2
"lachienthang",1285,1,2,0,2
"lachienthang2",1286,1,2,0,2
"lag.lex",1287,2,1,0,2
"lagreview",1288,2,1,0,2
"laihoangtramanh",1289,1,2,0,2
"lamhien1269",1290,2,1,0,2
"laminnah",1291,2,1,0,2
"lamngocnguyenbmt",1292,1,2,0,2
"lan.dotbien",1293,2,1,0,2
"lanchi6868",1294,2,1,1,2
"lang51997",1295,1,2,0,1
"langthangbinhduong24h",1296,2,1,1,2
"lanlan822331",1297,2,1,1,2
"lanlungling_00",1298,2,1,1,2
"laonap_douyin",1299,1,2,0,1
"lapcamerabienhoa365",1300,1,1,0,2
"laphanblog",1301,2,1,0,2
"laskahanoi",1302,1,2,0,2
"lathuw99",1303,2,1,0,2
"lavie._.078",1304,2,1,0,2
"lcillusion191002",1305,2,1,1,2
"lddsh_2007",1306,2,1,0,2
"le.d.khoa",1307,1,2,0,2
"le.nhu.ngoc",1308,2,1,1,2
"le.shushu",1309,2,1,0,2
"learning_english1002",1310,2,1,1,2
"lebanlinh",1311,1,2,0,2
"lechilinh88",1312,2,1,0,2
"lee.sangi",1313,2,1,0,2
"lee.tien.huy",1314,1,2,0,2
"leebinsg",1315,2,1,0,2
"leehibi1993",1316,1,2,0,2
"leeyangtvr",1317,2,1,0,2
"lehai170386",1318,2,1,0,2
"lehuudo1999",1319,2,1,0,2
"lelebe123",1320,1,2,0,2
"lemelamdep.daily",1321,2,1,0,2
"lenhu140220",1322,2,1,0,2
"lephattt16",1323,2,1,0,2
"leqkhanh_yoyo",1324,2,1,0,2
"lequybang",1325,2,1,0,2
"lescargot.papier",1326,2,1,0,2
"lethanhsang.68",1327,2,1,0,2
"lethanhvan00",1328,2,1,0,2
"lethinh22",1329,1,2,0,2
"lethituyetnghi",1330,1,2,0,2
"letiendung.2014",1331,1,1,0,2
"levankhanh91",1332,2,1,0,2
"leyen05ne",1333,1,2,0,2
"li.sanjin.994",1334,2,1,0,2
"liam_niran_official",1335,2,1,0,2
"liang1965_",1336,2,2,0,2
"librabeauty0510",1337,2,1,0,2
"librapham_0510",1338,2,1,0,2
"liemdo1306",1339,2,1,1,2
"lieuthuocanthan1",1340,2,1,0,2
"lieutran_review",1341,2,1,0,2
"ligboo",1342,2,1,0,2
"lii24_1",1343,2,1,0,2
"lilchinsu",1344,2,1,1,2
"lilinguyen.0801_",1345,2,1,1,2
"lilthubui",1346,2,1,1,2
"lilthuuu",1347,2,1,0,2
"lilymyanhhouse",1348,2,1,1,2
"limacsau9797",1349,1,2,0,2
"lin_studi0",1350,1,2,0,2
"lingemyeeu.19",1351,1,2,0,2
"lingggtit",1352,2,1,0,2
"linhanh.829",1353,2,1,0,2
"linhbarbie",1354,2,1,0,2
"linhchi.23.11",1355,1,2,0,2
"linhchiibi",1356,2,1,0,2
"linhchonreview",1357,2,1,0,2
"linhgauvnn",1358,2,1,0,2
"linhjollie",1359,2,1,0,2
"linhkhanh310_",1360,2,1,0,2
"linhletel",1361,1,2,0,2
"linhnguyengianghia",1362,1,2,0,2
"linhnhim86",1363,2,1,1,2
"linhthitga",1364,1,1,0,2
"linhtruong.ld",1365,1,2,0,2
"linhvuong.itgurl9x",1366,1,1,0,2
"linnie.daily",1367,2,1,0,2
"liqisigma2021",1368,1,2,0,2
"lisagonzalezs",1369,2,1,0,2
"ljl.ddawg_msic",1370,2,1,0,2
"lmcgamer_2x",1371,2,1,0,2
"lmcsenpai_2x",1372,2,1,0,2
"ln91284",1373,2,1,0,2
"ln_ynee.vii",1374,2,1,0,2
"lnamdng8",1375,1,2,0,1
"lng3426",1376,2,1,0,2
"loc062210",1377,2,1,0,2
"locmetmenhay",1378,1,2,0,2
"locoj17",1379,2,1,0,2
"lodangbuon",1380,2,1,1,2
"loine025",1381,2,1,0,2
"lol.entertaiment",1382,2,1,0,2
"long_tbc",1383,1,2,0,2
"longandaxua",1384,2,1,0,2
"longca2010",1385,1,2,0,2
"longchunchun",1386,1,2,0,2
"longmifake",1387,1,2,0,2
"longthanhpomeranian",1388,2,1,0,2
"longtuanzi",1389,2,1,1,2
"longway.pb",1390,2,1,1,2
"lotxackhonggian",1391,2,1,0,2
"louislonghoang",1392,2,1,1,2
"louisnone",1393,1,2,0,2
"lpbthy0208",1394,2,1,1,2
"lqhanhthodung",1395,2,1,0,2
"lqv_356",1396,1,2,0,2
"ltdat.06",1397,2,1,1,2
"lthanhchi.27",1398,1,1,0,2
"lu.duong",1399,2,1,0,2
"lucas_ke_chuyen",1400,1,2,0,2
"lucaslim3r3nce",1401,2,1,0,2
"luctruongtho",1402,2,1,1,2
"luke_d_artist",1403,2,1,0,2
"lulumakeup.vn",1404,2,1,0,2
"lulureview_",1405,1,2,0,2
"lun.trng010",1406,2,1,0,2
"lunza.ent",1407,1,2,0,2
"luocsuvanvatt",1408,2,1,1,2
"luongglilac",1409,2,1,0,2
"luonghonggiang1",1410,1,2,0,1
"luongmanhquy30",1411,2,1,0,2
"luongnghiemhuy",1412,2,1,0,2
"luongphuonglien162",1413,2,1,1,2
"luongquynhnhu14722",1414,1,2,0,1
"lustergem.92",1415,2,1,1,2
"luth.sinhh",1416,2,1,1,2
"luukhanhlingg",1417,1,2,0,2
"luuly99_",1418,2,1,1,2
"luungoclinh_92",1419,1,2,0,2
"ly_tran777",1420,2,1,0,2
"lyght0024",1421,1,2,0,2
"lyiutroc",1422,1,2,0,2
"lykio.98",1423,2,1,0,2
"lylymeomew",1424,2,1,0,2
"lynnhuynhh_",1425,2,1,0,2
"lyra._.vibes",1426,2,1,1,2
"lysiudang_iu",1427,1,2,0,2
"lythanhco",1428,2,1,1,2
"lythetien",1429,2,1,0,2
"lytholyla8",1430,2,1,0,2
"lyw_haly",1431,2,1,1,2
"m.glc300",1432,2,1,0,2
"m.hziaaaaaa",1433,2,1,1,2
"m.sen.5.con6",1434,2,1,0,2
"m0nspi3",1435,2,1,0,2
"mabichtram1997",1436,2,1,0,2
"madamelyspa",1437,2,1,0,2
"maggiemaggievn",1438,2,1,0,2
"mai.hay.an",1439,2,2,0,2
"mai_lan97",1440,1,2,0,1
"maiamphuclam",1441,1,2,0,2
"maianhdoanthi2",1442,2,1,0,2
"maianhhuyenlivee",1443,2,1,0,2
"maihoadayne",1444,2,1,0,2
"maihuong.3djelly",1445,1,2,0,1
"maikute1992",1446,1,2,0,1
"maimo_10",1447,1,2,0,2
"maimoimong1106",1448,2,1,0,2
"maithanhsang0601",1449,1,2,0,2
"maituyettran2112",1450,1,2,0,1
"maivuluanofficial",1451,2,1,0,2
"makeup_letrivy_light",1452,2,1,0,2
"makeupwithnhungtho",1453,2,1,0,2
"maly.gaugau",1454,2,1,0,2
"mamtv.13",1455,2,1,0,2
"man_spidergaming",1456,1,2,0,2
"mandk350",1457,2,1,0,2
"mangcau68159",1458,1,2,0,2
"manh.ny",1459,2,1,0,2
"manhbui1304",1460,2,1,0,2
"manhhanhtrinh6",1461,2,1,0,2
"manhhungbgvn",1462,2,1,1,2
"manhoangcao",1463,2,1,0,2
"mannhi.2005",1464,2,1,0,2
"mantogame",1465,2,1,1,2
"manvui01",1466,1,2,0,1
"marymine14",1467,2,1,0,2
"matnahuyenbi",1468,2,1,0,2
"mauhaucothoa",1469,2,1,0,2
"maxpxt",1470,1,2,0,2
"maygardentiktok",1471,2,1,0,2
"mayiu0407",1472,2,1,1,2
"maymantailoc3969",1473,2,1,0,2
"maymayy520",1474,2,1,0,2
"mayreview.1",1475,1,2,0,1
"mayyy_116",1476,1,2,0,2
"mc.vananh",1477,2,1,0,2
"mcdongthoai",1478,1,2,0,2
"mckhanhbangreview",1479,2,1,0,2
"mcngapham",1480,1,2,0,1
"mcnguyenkhang",1481,1,2,0,2
"mcquyenquyen",1482,2,1,0,2
"mcvmedia.mcv",1483,2,1,0,2
"mduc_mane",1484,2,1,1,2
"mdung2k4",1485,2,1,0,2
"me3conxinhyeu8888",1486,2,1,0,2
"mebaoboi93",1487,2,1,0,2
"mebeken21",1488,2,1,0,2
"mebesua10",1489,2,1,1,2
"mebinbo3007",1490,2,1,0,2
"mebioreview",1491,2,1,0,2
"mebongchuyenn0",1492,1,2,0,2
"mecatom11",1493,2,1,0,2
"mecunmiu06",1494,2,1,0,2
"medaubap9x",1495,2,1,0,2
"megahul4",1496,2,1,0,2
"megaototbung",1497,2,1,0,2
"megoldreview",1498,2,1,0,2
"meihoctienghan.kor",1499,2,1,0,2
"meilili95",1500,2,1,0,2
"meimei8866",1501,2,1,0,2
"meishizhongguo.com",1502,1,1,0,2
"meizkhumm",1503,2,1,0,2
"mekemsocmo161",1504,2,1,0,2
"mekentomtep161821",1505,2,1,1,2
"menhimreview",1506,2,1,0,2
"mennguyen9730",1507,2,1,0,2
"meo.2k4",1508,2,1,0,2
"meo_protik",1509,2,1,0,2
"meoamg",1510,1,2,0,2
"meoancathegioi",1511,1,2,0,2
"meocon_xautinh",1512,2,1,1,2
"meoeo.ly",1513,1,2,0,2
"meofunne",1514,2,1,0,2
"meohichii",1515,2,1,0,2
"meomunengkkk",1516,2,1,0,2
"meootraidat",1517,2,1,0,2
"meous99",1518,2,1,0,2
"meovatvasuckhoe2026",1519,1,1,0,2
"meowriviu01",1520,2,1,1,2
"mequincuagold",1521,1,2,0,2
"meshushi121",1522,1,1,0,2
"met9met5",1523,2,1,0,2
"metho0406",1524,2,1,0,2
"metimkiwi",1525,2,1,1,2
"metreu30",1526,1,1,0,2
"metroichetnhe12334",1527,1,2,0,1
"metruyen1111",1528,1,2,0,2
"mevaembemi",1529,2,1,1,2
"mexe8268",1530,2,1,0,2
"miapham301",1531,2,1,0,2
"mie.hmg",1532,2,1,1,2
"mie.lowlp",1533,1,2,0,1
"mie_vo99",1534,1,2,0,2
"miibeo_",1535,1,2,0,2
"mikan_hoshi1",1536,2,1,0,2
"milopoor",1537,1,2,0,2
"mimiephannn",1538,2,1,0,2
"mindyandjesse",1539,2,1,0,2
"minh.kinh",1540,2,1,0,2
"minh_minh_minh",1541,2,1,1,2
"minhcungdivoinhau",1542,2,1,0,2
"minhdenlive",1543,1,2,0,2
"minhduc_iuemzz",1544,2,1,0,2
"minhduyy1508",1545,2,1,0,2
"minhhieuismeeee",1546,1,2,0,2
"minhkhoui",1547,2,1,0,2
"minhlamitt",1548,1,2,0,2
"minhlapriqwe",1549,2,1,0,2
"minhnhatgk",1550,2,1,0,2
"minhnhutisme2024",1551,2,1,0,2
"minhphat.foodaholic",1552,2,1,1,2
"minhphuc8899",1553,1,2,0,2
"minhthuxinh05",1554,2,1,0,2
"minhthuxinhiu07",1555,2,1,0,2
"minhthuy23289",1556,2,1,0,2
"minhtien07123006",1557,2,1,0,2
"minhveoo",1558,2,1,0,2
"mini_anti_official",1559,2,1,0,2
"minmin0199",1560,2,1,0,2
"minmusic81207",1561,2,1,0,2
"minniecfw2205",1562,2,1,0,2
"mino.1301",1563,2,1,0,2
"miragemfxnk",1564,2,1,0,2
"misshuong_123",1565,2,1,0,2
"misu7125",1566,1,2,0,2
"mit.xinh.review",1567,1,2,0,2
"mitao1992",1568,2,1,0,2
"mitmit0.00",1569,2,1,0,2
"miu_miu.03",1570,2,1,0,2
"miumiu.vibes",1571,2,1,0,2
"miuquynh96",1572,2,1,1,2
"mlemmlem9494",1573,2,1,0,2
"mmanh.__",1574,2,1,1,2
"mmyphungg",1575,1,2,0,2
"mn.ba.cheo",1576,2,1,0,2
"mngocxinh_",1577,2,1,0,2
"moc.tra.52",1578,2,1,0,2
"mochichan_18",1579,2,1,0,2
"moclan24",1580,2,1,0,2
"mocthanh07",1581,2,1,1,2
"moctrafamily",1582,2,1,0,2
"moingay1trangsach",1583,2,1,0,2
"mokuchii",1584,2,1,0,2
"moli.cine",1585,1,2,0,1
"momota_pham1406",1586,1,2,0,2
"monbosua_k4",1587,2,1,1,2
"monca0291",1588,2,1,1,2
"mongbinh68",1589,2,1,0,2
"monkeyvlogg",1590,1,2,0,2
"monngontrunghoa888",1591,1,2,0,1
"moonyuan1809",1592,2,1,1,2
"morekii_handsome",1593,2,1,0,2
"mot_su",1594,2,1,0,2
"motgamee",1595,1,2,0,2
"motngaycuachanghi",1596,2,1,1,2
"motphim____",1597,2,1,0,2
"moviereview_05s",1598,2,1,1,2
"mphung2002",1599,2,1,0,2
"mr.cunghe",1600,1,1,0,2
"mr.tit0209",1601,2,1,0,2
"mrbichvn",1602,2,1,0,2
"mrdan19697",1603,1,2,0,1
"mrrbinhmusic",1604,2,1,0,2
"mrthanhcotuong",1605,1,2,0,2
"mthixynhgaii",1606,2,1,0,2
"mucban4",1607,1,2,0,2
"mun.xinhh.depa",1608,1,2,0,2
"munxinhgai_97",1609,2,1,0,2
"muoiphim",1610,2,1,0,2
"muoitoday",1611,2,1,0,2
"musicnetwork.genz",1612,1,2,0,2
"mvqdcuti",1613,2,1,0,2
"mvqdcuti07",1614,2,1,0,2
"my_pham_ngoc_mai",1615,1,2,0,1
"mya_house",1616,2,1,1,2
"myainguyen_1411",1617,1,2,0,2
"myandangdoiban999",1618,2,1,0,2
"mybemaabee",1619,2,1,0,2
"mychi69",1620,2,1,1,2
"mycutehehehe",1621,2,1,1,2
"mydidauday",1622,2,1,0,2
"myhaduong8",1623,1,2,0,1
"myhanh_sea22",1624,2,1,0,2
"myhuyendaily",1625,2,1,0,2
"mylanoffical",1626,1,2,0,2
"mymyreview1821",1627,2,1,0,2
"mynguyenqd",1628,2,1,0,2
"mysuzie_",1629,2,1,0,2
"mytrinh_2001",1630,2,1,0,2
"nahaiiig",1631,2,1,1,2
"nahtviez",1632,2,1,0,2
"nailamusic.._",1633,2,1,0,2
"nailsby_michaelngo",1634,2,2,0,2
"nam_bar_ber",1635,2,1,0,2
"nam_dep_trai_official",1636,2,1,0,2
"namauto8899",1637,1,2,0,2
"namcutedzz",1638,2,1,0,2
"namdireview",1639,2,1,0,2
"nametho_1711",1640,2,1,0,2
"nana.ai66",1641,2,1,0,2
"nana_080104",1642,2,1,0,2
"nang04074",1643,1,2,0,2
"nanhxa",1644,2,1,0,2
"nar_ze7",1645,1,2,0,2
"nataliengocanh",1646,2,1,0,2
"naxinh6996",1647,2,1,0,2
"nc.phat369",1648,2,1,0,2
"ncd_music0101",1649,1,2,0,2
"nduy2307",1650,1,2,0,2
"neineiah_",1651,2,1,0,2
"neko.land23",1652,2,1,1,2
"nemchuaran02",1653,2,1,0,2
"nerothemonarch2",1654,1,2,0,2
"neyakowo",1655,2,1,0,2
"ng.ling10",1656,2,1,1,2
"ng_kh_long206",1657,2,1,0,2
"nga.hong195",1658,2,1,0,2
"ngachan2701",1659,2,1,0,2
"ngamazing",1660,2,1,0,2
"ngandongthap66p1",1661,1,2,0,1
"ngane8386",1662,2,1,1,2
"nganv666999",1663,2,1,0,2
"ngapika13",1664,2,1,0,2
"ngc.trn4577",1665,2,1,1,2
"ngha_xunuth9",1666,2,1,0,2
"nghdonga18_",1667,2,1,0,2
"nghi.music",1668,2,1,0,2
"nghia9904nagih",1669,2,1,1,2
"nghiamechoi",1670,2,1,0,2
"nghien.setups",1671,2,1,0,2
"nghien_phim_han._.l",1672,2,1,0,2
"nghiengiay_",1673,2,1,0,2
"nghonghanh41",1674,2,1,0,2
"nghwang05",1675,2,1,0,2
"ngltdat",1676,2,1,1,2
"ngn.chip.tv",1677,1,2,0,2
"ngngocanh_98",1678,2,1,1,2
"ngnhatthu.cte",1679,2,1,0,2
"ngoanthj",1680,2,1,0,2
"ngoc_nhi.official",1681,2,1,0,2
"ngocanh1212071",1682,1,2,0,2
"ngocanhday__",1683,2,1,0,2
"ngocanhh2666",1684,2,1,0,2
"ngocbichdoan2603",1685,2,1,1,2
"ngocdaiofficial",1686,2,1,0,2
"ngocdiem_2003",1687,2,1,0,2
"ngocducofficial",1688,2,1,0,2
"ngocduychiase",1689,1,2,0,2
"ngocha150289",1690,2,1,0,2
"ngochue2060",1691,2,1,1,2
"ngochuyenvotri",1692,2,1,0,2
"ngockhanhai",1693,1,2,0,2
"ngoclan2008zzz",1694,2,1,1,2
"ngoclinh130595",1695,2,1,0,2
"ngoclinh_mesoc",1696,2,1,0,2
"ngoclinhnhi201910",1697,2,1,0,2
"ngoclinhyt",1698,2,1,0,2
"ngocmit2005",1699,2,1,0,2
"ngocnghean113",1700,2,1,0,2
"ngocshipper47",1701,2,1,0,2
"ngocsun1891",1702,2,1,0,2
"ngocthanh_90",1703,2,1,0,2
"ngocthanhtamle_",1704,2,1,0,2
"ngocthiendi71",1705,1,2,0,2
"ngocthuong.96",1706,2,1,0,2
"ngoctramriviu",1707,2,1,0,2
"ngocvanw",1708,1,2,0,1
"ngocvy190893",1709,2,1,0,2
"ngohailong98",1710,2,1,0,2
"ngoinhangotngao2807",1711,2,1,0,2
"ngolehuongquynh",1712,2,1,0,2
"ngothengoc2901",1713,2,1,0,2
"ngotrikhanh.official",1714,2,1,0,2
"ngsangzz_07",1715,2,1,0,2
"ngthuy.nd",1716,2,1,0,2
"ngtram9341",1717,2,1,0,2
"nguockiemhiep",1718,2,1,0,2
"nguoi.quen",1719,2,1,1,2
"nguoicamtien",1720,2,1,0,2
"nguoidanongtrungnien",1721,1,2,0,2
"nguoidepars",1722,2,1,1,2
"nguoididemm",1723,2,1,0,2
"nguoihientai0",1724,2,1,0,2
"nguoilaido.68",1725,2,1,0,2
"nguoilaodong.showbiz",1726,2,1,0,2
"nguoilibanbanhmi",1727,2,1,0,2
"ngutoannhunghocueh",1728,1,2,0,2
"nguyen060689",1729,1,2,0,2
"nguyen_quyen_19888",1730,1,2,0,2
"nguyen_tai_music_remix",1731,1,2,0,2
"nguyenanh0719",1732,2,1,1,2
"nguyencanhnga1408",1733,2,1,0,2
"nguyendohuyenlinh",1734,2,1,0,2
"nguyenducthang003",1735,2,1,0,2
"nguyenduydat_09ln",1736,2,1,0,2
"nguyenduysonkhe",1737,1,2,0,2
"nguyenhang90ls",1738,2,1,1,2
"nguyenhimakeup",1739,2,1,0,2
"nguyenhung15051994",1740,2,1,0,2
"nguyenkhanh52hz",1741,1,2,0,2
"nguyenletragiang2",1742,2,1,0,2
"nguyenluan_videoai",1743,2,1,0,2
"nguyenminhh_anhh",1744,2,1,0,2
"nguyenmy.tuyen",1745,2,1,1,2
"nguyennamfamily",1746,2,1,0,2
"nguyenphilong2006",1747,2,1,0,2
"nguyenphuoc7659",1748,2,1,0,2
"nguyenphuongsa",1749,2,1,0,2
"nguyensang.review",1750,2,1,0,2
"nguyenthacduc",1751,2,1,0,2
"nguyenthidieu1207",1752,1,2,0,2
"nguyentuanvu767",1753,2,1,0,2
"nguyenvananh2510",1754,2,1,0,2
"nguyenvandungcaconhac",1755,1,1,0,2
"nguyenvantoan8584",1756,1,2,0,2
"nguyenxuanlong85",1757,2,1,0,2
"nguyetsieuquay.kom",1758,2,1,0,2
"ngynthsang",1759,1,2,0,2
"nhaachine",1760,2,1,0,2
"nhacedm3d",1761,1,1,0,2
"nhachimhockhonhatthegioi",1762,1,1,0,2
"nhacnomusik",1763,2,1,0,2
"nhaco2nang",1764,2,1,0,2
"nhaco4conmeomeo",1765,2,1,1,2
"nhacssuy102",1766,1,2,0,1
"nhacthieunhi.com",1767,2,1,0,2
"nhacthieunhii",1768,1,2,0,2
"nhacuabun10",1769,2,1,0,2
"nhacuakenkeo",1770,2,1,0,2
"nhacuatrung",1771,1,2,0,2
"nhaembesuni",1772,2,1,0,2
"nhamday04",1773,1,2,0,2
"nhaminhvanvui",1774,2,1,0,2
"nhaminhvui28.07",1775,2,1,0,2
"nhanphuongchixu",1776,1,2,0,2
"nhansinhtrietluan",1777,1,2,0,2
"nhanvatchinh_4",1778,2,1,0,2
"nhat.anh.trang",1779,2,1,1,2
"nhatdj.38h1",1780,2,1,0,2
"nhathaientertainment",1781,1,2,0,1
"nhathienthu86",1782,2,1,0,2
"nhathoang3009",1783,1,2,0,2
"nhathoanghon",1784,2,1,0,2
"nhatkycuameichan",1785,1,2,0,2
"nhatlam149",1786,2,1,0,2
"nhatlinh2001_ff",1787,2,1,0,2
"nhatlinhnoithat.94",1788,1,2,0,2
"nhatlinhsycar99",1789,2,1,1,2
"nhatruc2k8",1790,1,2,0,1
"nhattungdz.het",1791,2,1,0,2
"nhatungcocho",1792,2,1,0,2
"nhhvpbq.206",1793,2,1,0,2
"nhien1308",1794,2,1,0,2
"nhimbimatnic",1795,2,1,0,2
"nhismneee",1796,2,2,0,2
"nhitay0911",1797,1,2,0,1
"nhitaytay693",1798,2,1,1,2
"nhitaytayy1011",1799,2,1,1,2
"nhitiktok99",1800,2,1,0,2
"nhn.gianhuyno",1801,1,2,0,2
"nho__o",1802,2,1,0,2
"nhoc777",1803,2,1,0,2
"nhoha2504",1804,2,1,0,2
"nhotv97",1805,2,1,0,2
"nhu.phun",1806,2,1,0,2
"nhu.y.30597",1807,2,1,0,2
"nhuandaocalligraphy",1808,2,1,0,2
"nhuanh20043",1809,2,1,0,2
"nhubanhbao_",1810,1,2,0,2
"nhudat356",1811,2,1,0,2
"nhujessie",1812,1,2,0,2
"nhumnhum.bb",1813,2,1,0,2
"nhungdona",1814,2,1,1,2
"nhungmixue24",1815,2,1,0,2
"nhungnaomi_87",1816,1,2,0,2
"nhut26march",1817,2,1,0,2
"nhutupa",1818,2,1,1,2
"nhynhy999999",1819,1,2,0,2
"nhyyng",1820,1,2,0,2
"nickqtran",1821,2,1,0,2
"nikatenku_._",1822,2,1,0,2
"ninhanh01",1823,2,1,0,2
"ninhnhung01",1824,2,1,1,2
"nino._z",1825,2,1,0,2
"nira.0507",1826,1,2,0,2
"nkt.review",1827,1,2,0,2
"nl.05",1828,2,1,0,2
"nlchi_08",1829,2,1,1,2
"nlinh_o0",1830,1,2,0,2
"nltt9999",1831,2,1,0,2
"nnarutodauvang",1832,2,1,0,2
"nnccndct",1833,2,1,0,2
"nngaan39",1834,1,1,0,2
"nnt537",1835,1,2,0,1
"nntgiang_2002",1836,2,1,1,2
"nochill95",1837,1,2,0,2
"noelleisis",1838,2,1,0,2
"nonggaleextrovert",1839,2,1,0,2
"notchusa_1314",1840,1,2,0,2
"nph1811_",1841,2,1,0,2
"nphan2010",1842,2,1,0,2
"nphmusic06",1843,1,2,0,2
"nqoz_xg7",1844,2,1,0,2
"nqt2.03.hz",1845,2,1,0,2
"nsndtienbip",1846,2,1,0,2
"nsngochuyenofficial",1847,2,1,0,2
"nsongngu.03",1848,2,1,0,2
"nt.tinhky",1849,2,1,0,2
"ntbh.04",1850,2,1,0,2
"ntc_17th9",1851,2,1,0,2
"nth.vlog",1852,2,1,0,2
"nthxkz",1853,2,1,0,2
"ntn_68205",1854,1,2,0,2
"ntn__2003",1855,1,2,0,2
"ntn__29012003",1856,2,1,0,2
"ntngamer",1857,2,1,0,2
"ntnmmimi",1858,1,2,0,2
"ntpmm.ent",1859,2,1,1,2
"ntpxmeme",1860,2,1,0,2
"ntrduc",1861,2,1,0,2
"ntrinhdayyy_07",1862,1,2,0,2
"ntunhiii",1863,1,2,0,2
"nuchuu.0401",1864,1,2,0,2
"nuhi1997",1865,2,1,0,2
"nuium75",1866,2,1,0,2
"nulthatcool",1867,2,1,0,2
"numb_ber1family",1868,2,1,0,2
"nunhi.18",1869,1,2,0,2
"nvhung05",1870,2,1,0,2
"nynnyncandress",1871,1,2,0,2
"nytran089",1872,1,2,0,1
"oanhvu6_6",1873,2,1,0,2
"odaycophimhayyyyyyyy",1874,1,2,0,2
"ohsusu.reaction",1875,2,1,0,2
"oilongomg",1876,2,1,0,2
"oneman.kindness",1877,1,2,0,1
"ongbutedit",1878,2,1,0,2
"ongduymukbang",1879,2,1,0,2
"onggianuoi",1880,2,1,0,2
"onggiaoreview",1881,2,1,0,2
"onggiavaconcholu",1882,1,2,0,2
"ongluonglamnong",1883,1,2,0,2
"onhadep.net",1884,2,1,0,2
"onlypassionmusic",1885,1,2,0,1
"onsportsplus",1886,1,2,0,1
"oppo.talent",1887,1,2,0,2
"ops.raven",1888,2,1,1,2
"orange.cat129",1889,1,2,0,2
"pagenghienxedien",1890,1,2,0,2
"palinofficial",1891,2,1,1,2
"pan498666",1892,2,1,0,2
"panda_nguyen.3010",1893,2,1,0,2
"papa.na.na",1894,2,1,0,2
"papahanyy",1895,2,1,0,2
"patebeo26",1896,2,1,1,2
"patoo.204",1897,2,1,1,2
"paxng0608",1898,2,1,0,2
"peonyanh",1899,1,1,0,2
"pet.pet.pet.pet.pet",1900,2,1,0,2
"petbaos",1901,2,1,0,2
"petcung.004",1902,2,1,0,2
"peter.thienphu",1903,2,1,0,2
"pg.vi3",1904,2,1,0,2
"phamhoa9393",1905,2,1,0,2
"phamnhatduong1203",1906,2,1,0,2
"phamphuckhoa",1907,2,1,0,2
"phamthai.6879",1908,1,2,0,2
"phamvanphu02072021",1909,2,1,0,2
"phanhht_87",1910,2,1,0,2
"phanhloppy",1911,1,2,0,2
"phanminhha_havisa.vn",1912,2,1,0,2
"phannuuyennhi",1913,1,2,0,2
"phantatv86",1914,2,1,0,2
"phantheanh88",1915,2,1,0,2
"phanthuylinh2293",1916,2,1,0,2
"phantrongg",1917,2,1,0,2
"phantuananh67742",1918,2,1,0,2
"phantuyet.3591",1919,2,1,0,2
"phanvanluon7",1920,2,1,0,2
"phapamvietnam",1921,2,1,0,2
"phatgiao612",1922,2,1,0,2
"phathoai06",1923,2,1,0,2
"phathungvlog",1924,2,1,0,2
"phatphaptaitam__",1925,2,1,0,2
"phd.uongg",1926,1,2,0,2
"phepmau_cuocsong",1927,2,1,0,2
"phg.nammm",1928,2,1,0,2
"phganhh251",1929,1,2,0,2
"phhoanglam",1930,2,1,0,2
"phien39_",1931,2,1,0,2
"phienle1701",1932,2,1,0,2
"phim.movie.hi",1933,2,1,0,2
"phinh_oi06",1934,1,1,0,2
"phivsnhi",1935,2,1,0,2
"phkaylin58",1936,1,2,0,2
"phm.tun7312",1937,2,1,0,2
"phmychi7",1938,2,1,1,2
"phngan775",1939,2,1,0,2
"phoidocunglinh04",1940,1,2,0,2
"phoment0227",1941,2,1,0,2
"phong_dan",1942,2,1,0,2
"phonggneee",1943,2,1,1,2
"phongkham.sp.bsleduytoan",1944,1,2,0,1
"phongphieu69",1945,2,1,0,2
"phongthuy.mayman.tailoc",1946,2,1,0,2
"phongthuycatbinh",1947,1,2,0,1
"phongthuykylan",1948,2,1,1,2
"phongthuythuctam",1949,2,2,0,2
"phongviensongnhat",1950,2,1,0,2
"photographyxt",1951,2,1,0,2
"phuc0855",1952,1,2,0,1
"phucbanflycam2k4",1953,1,2,0,2
"phucbayvlog",1954,2,2,0,2
"phucdatsanhdieu",1955,2,1,0,2
"phucmapvlog",1956,2,1,0,2
"phucthanh2k1",1957,1,2,0,1
"phucthichdihoc",1958,1,2,0,2
"phulee19",1959,2,1,1,2
"phunghailongst",1960,2,1,0,2
"phungthanhrin",1961,2,1,0,2
"phungvandat2004",1962,1,1,0,2
"phungvanthang169",1963,2,1,0,2
"phunjustmelab",1964,2,1,0,2
"phunnhandmade",1965,2,1,0,2
"phuoc_lay9x",1966,1,2,0,2
"phuocloc.accphu",1967,2,1,0,2
"phuocmatnai102",1968,1,1,0,2
"phuong_hoang_review",1969,2,1,1,2
"phuonganhh1761",1970,1,2,0,2
"phuongca1997",1971,2,1,1,2
"phuongduc1990",1972,2,1,0,2
"phuonghanh693",1973,1,2,0,2
"phuonghuucon.official",1974,2,1,0,2
"phuongku101",1975,2,1,1,2
"phuongmin_",1976,2,1,0,2
"phuongnamcnc",1977,2,1,0,2
"phuongnga487",1978,2,1,0,2
"phuongnhonehh1803",1979,2,1,0,2
"phuongsara_",1980,2,1,0,2
"phuongthaoo20",1981,2,1,0,2
"phuongtranomb",1982,2,1,0,2
"phuongtuyet2703",1983,2,1,0,2
"phuothanh78",1984,1,2,0,2
"phuquy_xemay.nhapkhau",1985,1,1,0,2
"phut899",1986,2,1,0,2
"pi0972",1987,1,2,0,2
"piciebabi",1988,1,2,0,2
"pig.chy",1989,2,1,0,2
"piiiii_haycuoi",1990,2,1,1,2
"piporelax",1991,2,1,1,2
"pipospidey",1992,2,1,0,2
"plak_official",1993,2,1,0,2
"playbit.vn",1994,1,2,0,2
"plht149",1995,2,1,0,2
"plyn_291",1996,2,1,1,2
"pobimatacc",1997,2,1,0,2
"polplinh_",1998,1,2,0,2
"pon.porn",1999,2,1,0,2
"pony.cover",2000,1,2,0,2
"popo020388",2001,2,1,0,2
"prettynayoo41",2002,2,1,0,2
"pt_vietnam",2003,1,2,0,2
"pthao103",2004,2,1,0,2
"puc.puc.puc",2005,2,1,0,2
"pungoc173",2006,1,2,0,2
"putr.digital",2007,2,1,0,2
"pv_phong_mieu",2008,1,2,0,2
"qa.uhqynh._",2009,2,1,0,2
"qdatt2012",2010,1,2,0,2
"qh.bland",2011,2,1,1,2
"qingfeng202.std",2012,1,2,0,2
"qtri.06",2013,2,1,1,2
"quabinhtinh",2014,1,2,0,2
"quadentruyenke",2015,1,2,0,2
"quan.tap.edit1",2016,2,1,0,2
"quan_hongpham",2017,2,1,0,2
"quanaotapgym2025",2018,2,2,0,2
"quang691999",2019,2,1,0,2
"quangbilliard",2020,2,1,0,2
"quangdenmukbang",2021,2,1,0,2
"quanghaikaratedo",2022,2,1,0,2
"quanghuyreview2",2023,2,1,1,2
"quangkiet0202",2024,2,1,1,2
"quanglammeme",2025,2,1,0,2
"quanglip90",2026,1,1,0,2
"quangnham8",2027,1,2,0,1
"quangquanhaccthu6",2028,1,2,0,2
"quangstir",2029,2,1,0,2
"quantrainghiem8386",2030,1,2,0,1
"quanvuive2307",2031,1,2,0,2
"quclchanh_",2032,2,1,0,2
"quinnchow0822",2033,2,1,1,2
"qunazz25",2034,2,1,0,2
"quocanhne027",2035,2,1,0,2
"quoccuong.205",2036,2,1,0,2
"quocthanh0308",2037,1,1,0,2
"qutrn43",2038,2,1,0,2
"quyen338",2039,2,1,0,2
"quyensachnho",2040,2,1,0,2
"quyetblackcscp",2041,2,1,0,2
"quyngi6996",2042,2,1,1,2
"quynguyen_11",2043,2,1,1,2
"quynh24044",2044,2,1,0,2
"quynh_liu",2045,2,1,0,2
"quynhchau__",2046,2,1,1,2
"quynhcontent",2047,1,1,0,2
"quynhdidaudo8386",2048,2,1,0,2
"quynhdiemnguyenn",2049,2,1,0,2
"quynhduongreview",2050,2,1,1,2
"quynhgiang.ng",2051,2,1,1,2
"quynhitraan",2052,2,1,0,2
"quynhlala81",2053,2,1,0,2
"quynhmaioanh",2054,2,1,1,2
"quynhnghe37",2055,2,1,0,2
"quynhnhumobile",2056,1,1,0,2
"quynhphuong_ntp",2057,1,2,0,2
"quynhquynhreview2329",2058,2,1,1,2
"quynhsam03",2059,2,1,0,2
"quynhsanhdieu",2060,1,2,0,2
"quynhthuongedit",2061,1,2,0,1
"quynhtramm008",2062,1,2,0,2
"quynhtrangtaybac",2063,2,1,0,2
"quynhtranjp_official",2064,1,2,0,2
"quynhvan2k5",2065,2,1,1,2
"quynhvihu95",2066,1,2,0,2
"quynhxo09",2067,2,1,0,2
"quynhxudua",2068,2,1,0,2
"quyreview1208",2069,2,1,0,2
"rachelaziee",2070,2,1,1,2
"radiolonely_",2071,1,2,0,2
"raicadichill2770",2072,2,1,0,2
"rainofmemory",2073,2,1,0,2
"reallongr",2074,2,1,0,2
"reencyngo",2075,1,2,0,2
"rei.or.ray",2076,2,1,0,2
"relaxing_2007",2077,2,1,0,2
"renovatinonbyramesse",2078,2,1,0,2
"reverse0506",2079,1,2,0,2
"review.phim833",2080,2,1,0,2
"reviewbeauty93",2081,2,1,0,2
"reviewchatluon0208",2082,2,1,0,2
"reviewchuannha",2083,2,1,0,2
"reviewphimhay1560",2084,2,1,0,2
"reyy_2851",2085,1,2,0,2
"riko_sakari",2086,2,1,0,2
"rion.vn",2087,2,1,0,2
"rmahduylackiu81gialai",2088,2,2,0,2
"robin.kamar",2089,2,1,0,2
"rokgpy",2090,1,2,0,2
"romecafe.daily",2091,2,1,1,2
"rosie_rosie.14286",2092,2,1,0,2
"ruaxebaton",2093,2,1,0,2
"rubygame167",2094,2,1,0,2
"rubytv167",2095,2,1,0,2
"rufinoaybar",2096,2,1,0,2
"ruoiconn",2097,2,1,0,2
"ruoyu.b",2098,2,1,1,2
"rytotheannn",2099,2,1,0,2
"ryyfc.legit",2100,1,2,0,2
"s.mimimusic",2101,1,2,0,2
"sallysallyreview",2102,2,1,1,2
"samhoanggiacm",2103,1,2,0,1
"sanhgaming_2006",2104,2,1,0,2
"sansbelazy",2105,1,2,0,2
"sapbao.vn",2106,1,2,0,1
"sarittallana",2107,2,1,1,2
"sashahoa2004",2108,2,1,0,2
"sau2_004",2109,1,2,0,2
"scdaily212923",2110,2,1,0,2
"scorpio.universe",2111,2,1,0,2
"scvg.ho",2112,1,2,0,2
"semne_191003",2113,2,2,0,2
"sennobu",2114,1,2,0,2
"seobake",2115,2,1,1,2
"seonguk_vn",2116,2,1,1,2
"septhuan.gosen",2117,2,1,1,2
"seungthao",2118,2,1,0,2
"seven_lee20",2119,2,1,0,2
"shanghai9998",2120,1,2,0,1
"sharaffle",2121,2,1,0,2
"shicuteday",2122,2,1,0,2
"shine2205",2123,2,1,1,2
"shinzyrhyka",2124,2,1,0,2
"shipper.mayman",2125,2,1,0,2
"shopthotrang4793345",2126,2,1,0,2
"shushi49911121",2127,1,2,0,2
"sibichitv0209",2128,1,2,0,2
"sicacamtien25",2129,2,1,0,2
"sieuthinick",2130,2,1,0,2
"sieuxe.360",2131,1,2,0,2
"simonphantv",2132,1,2,0,2
"simontu89",2133,2,1,0,2
"sin_nmt",2134,1,2,0,2
"sinl.1998",2135,2,1,0,2
"siro.review.phim",2136,2,1,0,2
"slayhotme",2137,2,1,0,2
"sneaker.vn01",2138,1,2,0,2
"sobe_bs",2139,2,1,0,2
"soca.review",2140,1,2,0,2
"socsobay22229",2141,2,1,0,2
"son__style",2142,2,1,0,2
"sondo.yum",2143,1,2,0,2
"sondu93",2144,2,1,0,2
"songnamchu",2145,2,1,0,2
"sonlocchanel1",2146,1,2,0,2
"sonsovo.review",2147,1,2,0,1
"sonthichmukbang",2148,1,2,0,2
"sonxemqueboibai.revew",2149,2,1,1,2
"speakercleaner2026_",2150,1,2,0,1
"sphdzuyenn",2151,1,2,0,2
"sss.muine",2152,2,1,0,2
"startenglishwithlouise",2153,2,1,0,2
"stay_healthy_with_mia",2154,2,1,0,2
"stephanoquockhanh",2155,1,2,0,1
"stevent107",2156,1,2,0,1
"stopoverthinking02",2157,2,1,0,2
"stork.sama",2158,2,1,0,2
"stridermusic_zz",2159,2,1,0,2
"su_creative",2160,1,2,0,2
"suacao1m9do",2161,2,1,0,2
"suchinhtri",2162,1,2,0,2
"suhao5276",2163,1,1,0,2
"sukyaivn",2164,2,1,0,2
"suly.iuu.3005",2165,2,1,0,2
"sumi52hz",2166,1,2,0,2
"sungao_2002",2167,2,1,0,2
"sungmituaa",2168,2,1,0,2
"sunni_homie",2169,2,1,1,2
"sunnyphan_61",2170,2,1,0,2
"suri_haphuong",2171,2,1,0,2
"surifamily23",2172,2,1,0,2
"susubae01",2173,2,1,0,2
"suvietkieuhung08",2174,2,1,0,2
"suyqua007",2175,1,2,0,2
"sweetieaudio_ytb",2176,2,1,0,2
"sweetyuuri",2177,2,1,0,2
"sylva.3333",2178,2,1,0,2
"t.211999",2179,1,2,0,2
"t.nxingaoz",2180,2,1,0,2
"t.rock.666",2181,2,1,0,2
"t.tabudeptrai",2182,2,1,0,2
"t.thuy_thu",2183,1,1,0,2
"t97tuoitho8x9x",2184,2,1,0,2
"taansvanw",2185,2,1,0,2
"taekook_9795.7",2186,2,1,0,2
"tai2701",2187,2,1,0,2
"taidoi14_10_07",2188,2,1,0,2
"taimeomatngau",2189,2,1,0,2
"taimom38",2190,2,1,0,2
"taiphamreview",2191,2,1,0,2
"taitoi.tiktokvn",2192,2,1,0,2
"tam46.06",2193,2,1,0,2
"tam_thefox",2194,2,1,0,2
"tamhiengiac",2195,1,2,0,2
"tamlyhocthanhcong",2196,1,2,0,2
"tamtong07",2197,2,1,0,2
"tangngoctuyet",2198,2,1,0,2
"tanh_vlog",2199,1,2,0,2
"tanhac2001",2200,2,1,1,2
"tanhoangminhrx",2201,2,2,0,2
"tanhuynh.riviewphimhay",2202,2,1,0,2
"tankhoa.52",2203,2,1,0,2
"tannguyenchungkhoangfb",2204,1,2,0,1
"tanthanh63trending",2205,1,2,0,2
"taodangthembuncha",2206,2,1,0,2
"taolakanh_36",2207,2,1,0,2
"taolangxau",2208,2,1,0,2
"taoquan2_003",2209,2,1,0,2
"taphoa_coba",2210,2,1,0,2
"taphoamini69",2211,2,1,0,2
"taplow.official",2212,2,1,0,2
"tay.rotfamily",2213,2,1,1,2
"tayninhtrips",2214,2,1,1,2
"tbnbs17",2215,2,2,0,2
"tdatdz07",2216,1,1,0,2
"tdatfh7fcm",2217,2,2,0,2
"tdl310",2218,2,1,0,2
"tdo28305",2219,2,1,0,2
"teacute_official",2220,2,1,1,2
"teamey01_",2221,2,1,0,2
"tebefood",2222,1,2,0,2
"teck_g9",2223,2,1,0,2
"tenlawill",2224,2,1,0,2
"tepgaofamilyofficial",2225,2,1,0,2
"testvotcaulong",2226,1,2,0,2
"tetote.official",2227,2,1,0,2
"tettanic",2228,2,1,0,2
"tg.thaf27",2229,1,2,0,2
"th.nhee",2230,2,1,0,2
"th.tv56",2231,1,2,0,2
"th_p005",2232,2,1,0,2
"thach_sathen",2233,2,1,0,2
"thachthaoreview1506",2234,2,1,0,2
"thai_lichsu",2235,2,1,0,2
"thaid_oi",2236,2,2,0,2
"thaihienmui00",2237,2,1,1,2
"thaimeo206",2238,1,2,0,2
"thainguyenofficial",2239,1,2,0,1
"thainguyenstudent",2240,2,1,0,2
"thaituhmoob0",2241,2,1,0,2
"thangdamentertainment",2242,1,2,0,2
"thanggm",2243,1,2,0,2
"thangit90",2244,1,1,0,2
"thanglongtvtintuc",2245,1,2,0,2
"thangmucbang",2246,2,1,0,2
"thangpllay1506",2247,1,2,0,1
"thangrauquainon",2248,2,1,0,2
"thangsimple.97",2249,2,1,0,2
"thangthichcau",2250,2,1,0,2
"thangthuthach03",2251,2,1,0,2
"thangvo_97",2252,2,1,0,2
"thanh.hha2109",2253,2,1,0,2
"thanh_kou_hai",2254,2,1,0,2
"thanh_nhanbeauty",2255,2,1,0,2
"thanhaohoa.xeomgvtaxi",2256,2,1,1,2
"thanhdat.food",2257,2,1,0,2
"thanhdaudau69",2258,1,2,0,2
"thanhhoa1517",2259,2,1,0,2
"thanhhoai16100",2260,2,1,1,2
"thanhhoai8909",2261,2,1,0,2
"thanhhuyen1308",2262,2,1,0,2
"thanhhuyyy",2263,1,2,0,2
"thanhkasi",2264,2,1,0,2
"thanhloan.9vn",2265,2,1,0,2
"thanhloanreviewne",2266,2,1,0,2
"thanhmeo.18",2267,2,2,0,2
"thanhngachiase",2268,1,2,0,2
"thanhngoc940",2269,2,1,1,2
"thanhnhitran205",2270,2,1,0,2
"thanhphuonglede",2271,2,1,0,2
"thanhsang31.07",2272,1,1,0,2
"thanhthuongloa1",2273,2,1,0,2
"thanhthuy1_",2274,1,2,0,1
"thanhtrangg2107",2275,1,2,0,1
"thanhtu.nguyen123",2276,2,1,0,2
"thanhtung_kyo",2277,2,1,0,2
"thanhvan0391",2278,2,1,0,2
"thanhvatva.vn6789",2279,1,2,0,2
"thanhyvo",2280,2,1,0,2
"thao.nghi.24",2281,2,1,0,2
"thao.tap.gym",2282,2,1,0,2
"thao1197",2283,2,1,1,2
"thaochoe69",2284,2,1,0,2
"thaocuteiutu",2285,2,1,0,2
"thaodangyeuuu04",2286,1,2,0,2
"thaole_138",2287,1,2,0,2
"thaomee04",2288,1,2,0,2
"thaominaaa",2289,1,2,0,2
"thaonarii",2290,2,1,0,2
"thaonguyensport",2291,1,2,0,2
"thaoptp95",2292,2,1,0,2
"thaotho7992",2293,2,1,1,2
"tharo13425",2294,2,1,0,2
"thauuthauu",2295,2,1,0,2
"thaydan04",2296,1,2,0,2
"thayduc_mithuat",2297,2,1,1,2
"thaygiaomoidaden",2298,2,1,0,2
"thaygiaorich",2299,1,2,0,2
"thaygiaotihon88",2300,1,2,0,2
"thayhachuyensinh",2301,2,1,0,2
"thayhiendaya1",2302,2,1,1,2
"thayhoghetsaurieng",2303,2,1,0,2
"thaytunecon_2110",2304,2,1,0,2
"thayvaychuacvoikhocquaia",2305,1,2,0,1
"thch.k.truyn.game",2306,1,2,0,2
"theanhshop9",2307,2,1,0,2
"theaura.ent",2308,1,2,0,1
"thebittercacao_official",2309,1,2,0,1
"themchutbinhyen",2310,2,1,0,2
"thenextfacevn.org",2311,2,1,0,2
"thetamyoutube",2312,2,1,0,2
"thetoan_2301",2313,2,1,1,2
"thetrieuguppyfarm",2314,2,1,0,2
"theunangvaomay520",2315,2,1,0,2
"thibunfamily_",2316,1,1,0,2
"thichdocsach_204",2317,1,2,0,2
"thichsuachuoii.zie",2318,1,2,0,1
"thichtamhoan",2319,2,1,0,2
"thichtamnguyen",2320,2,1,0,2
"thichthuthachvlog94",2321,2,1,0,2
"thien.duyen.shop2025",2322,1,2,0,2
"thienbatluc74",2323,2,1,1,2
"thienduy_shop",2324,2,1,0,2
"thiennhanreview",2325,2,2,0,2
"thienshidaily1",2326,2,1,1,2
"thienshitv",2327,1,1,0,2
"thientan102",2328,2,1,0,2
"thientintuc",2329,1,2,0,2
"thientu0612",2330,2,1,0,2
"thienxiaomet87",2331,2,1,0,2
"thietkeodin",2332,2,1,0,2
"thinhdamne",2333,1,2,0,2
"thinhhne",2334,2,1,0,2
"thinhseu.9life",2335,2,1,0,2
"thinhung99",2336,2,1,0,2
"thituxinh",2337,1,2,0,2
"thng.li.lm",2338,2,1,0,2
"tho.ngoc_fashion",2339,2,1,0,2
"thoanganh2010",2340,2,1,0,2
"thodiahalong",2341,1,2,0,2
"thodianne",2342,2,1,1,2
"thodiathudaumot",2343,1,2,0,2
"thohong6378",2344,1,2,0,1
"thoitranghottrend65",2345,1,2,0,1
"thomynguyen47",2346,1,2,0,1
"thonguyengaming",2347,1,2,0,2
"thoonglee.com",2348,1,2,0,2
"thopipo7",2349,2,1,1,2
"thosanmaybay",2350,2,1,0,2
"thosonvlog",2351,1,1,0,2
"thosonvlogshop",2352,1,2,0,1
"thouthou_vanila",2353,2,1,0,2
"thoxinhnick5",2354,1,2,0,2
"thphuongvo",2355,1,1,0,2
"thu.kobito",2356,2,1,0,2
"thu_cung_333",2357,1,2,0,2
"thuanhocphat17",2358,2,1,1,2
"thuanne1603",2359,2,1,0,2
"thucevisu8420",2360,1,2,0,1
"thuctrinh_1404",2361,1,2,0,2
"thuctv1999",2362,2,1,0,2
"thugioihua",2363,1,2,0,2
"thuha060602",2364,2,1,0,2
"thuhangg0608",2365,2,1,0,2
"thuhanggg9",2366,2,1,0,2
"thuhuong.is.here",2367,2,1,0,2
"thuhuongcute09",2368,2,1,0,2
"thuminhkt",2369,2,1,1,2
"thuoqueshop",2370,2,1,0,2
"thuson.beauty",2371,2,1,0,2
"thuthaoneee04",2372,2,1,0,2
"thuthu.dn",2373,2,1,0,2
"thuthuyxinhdep86",2374,2,1,0,2
"thuy_dung_38",2375,2,1,0,2
"thuybmt93",2376,1,2,0,2
"thuychiofficial",2377,2,1,0,2
"thuydung151206",2378,2,1,0,2
"thuyet649.132",2379,2,1,0,2
"thuykieudamdang",2380,2,1,0,2
"thuylamkaraoke2",2381,2,1,0,2
"thuyminh189",2382,2,1,0,2
"thuytrang165_",2383,2,1,0,2
"thuyvo2711",2384,2,1,0,2
"thuyychii009",2385,1,2,0,2
"thwmee",2386,1,2,0,2
"thyanhvuu",2387,2,1,0,2
"thyvotri",2388,2,1,0,2
"tichthuyvo",2389,2,1,0,2
"tieens003",2390,2,1,0,2
"tieenslee03",2391,2,1,0,2
"tiem_bong_trai",2392,1,2,0,2
"tiemcuathao0",2393,2,1,0,2
"tiemdanguzheng",2394,2,1,0,2
"tiemini",2395,2,1,0,2
"tiemmyphamlucky",2396,2,1,1,2
"tiemtaphoahacknao",2397,1,2,0,2
"tiendungthat",2398,2,1,0,2
"tienganhsongngu.vn",2399,2,1,0,2
"tienggoitaybac1989",2400,2,1,1,2
"tiengtrung.dongian",2401,1,2,0,2
"tienlammon",2402,2,1,0,2
"tienndungg2812",2403,1,2,0,2
"tienqb.official",2404,2,1,0,2
"tientai11997",2405,2,1,0,2
"tientinhte.95",2406,2,1,0,2
"tienvaonhunuocc",2407,2,1,0,2
"tieu_hy26",2408,2,1,0,2
"tieuanne",2409,2,1,0,2
"tieuho112234",2410,2,1,0,2
"tieulinhdan.999",2411,2,1,0,2
"tieulucvi",2412,2,1,0,2
"tieuly241",2413,2,1,1,2
"tieumatngotdangyeu",2414,2,1,0,2
"tieumybaby11",2415,2,1,0,2
"tieumyluxury",2416,2,1,0,2
"tieumyy93",2417,2,1,0,2
"tieungao1907",2418,1,2,0,2
"tieungocbuofficial",2419,2,1,0,2
"tieuthaithaicuatui",2420,2,1,0,2
"tieuthu99_",2421,2,1,1,2
"tieutienca1905",2422,2,1,0,2
"tiienhomeswear",2423,2,1,0,2
"tiktok.lemanhcuong",2424,2,1,0,2
"tiktokchivy123_",2425,2,1,0,2
"tiktokhappybirthday",2426,2,1,0,2
"tiktokhungngo",2427,1,2,0,2
"timnguyen192",2428,1,2,0,1
"tin30s1",2429,2,1,0,2
"tina_day25",2430,2,1,0,2
"tinabutera04",2431,1,2,0,2
"tinavinhomes",2432,2,1,0,2
"tindecor_plus",2433,1,2,0,2
"tinh.hoa.t.v",2434,1,2,0,2
"tinhchatvlog",2435,2,1,0,2
"tinhngo1996",2436,1,2,0,2
"tinhthuc999",2437,2,1,0,2
"tinhtimtoi",2438,2,1,1,2
"tipikay",2439,1,2,0,2
"tipschupanhnhanh",2440,1,2,0,2
"tipumakeup",2441,2,1,0,2
"titbeolaocai",2442,1,2,0,2
"tjeuphu",2443,2,1,0,2
"tkhanh_0108",2444,1,2,0,2
"tklq12",2445,2,1,0,2
"tkndlovu.sings",2446,2,1,0,2
"tmtguitar",2447,2,1,0,2
"tnhadinh",2448,1,2,0,2
"tnhfy45",2449,2,1,0,2
"tnmdrip.vn",2450,2,1,0,2
"tnmusic999",2451,1,2,0,2
"tnn0000",2452,1,1,0,2
"tnnam01",2453,2,1,1,2
"tntruong10041992",2454,1,2,0,2
"toasangcungtoi",2455,2,1,0,2
"tocvang.hoe",2456,2,1,0,2
"tofn.official",2457,2,1,0,2
"toi.yeu.reading.ai.eo",2458,2,1,0,2
"toilabichthuy_",2459,2,1,0,2
"toilarubutv",2460,2,1,0,2
"toilatomtomtop",2461,1,2,0,2
"tojiff2006",2462,1,1,0,2
"tolaan_317",2463,2,1,1,2
"tolananie08",2464,2,1,0,2
"tom.chutrue",2465,1,2,0,2
"tom94416",2466,2,1,0,2
"tom97bg",2467,1,2,0,2
"tommeocon",2468,1,1,0,2
"tomtrinhcouple1",2469,2,1,1,2
"tongduy2025",2470,2,1,0,2
"tonggiahue_003",2471,1,1,0,2
"tongtung1996",2472,1,1,0,2
"toofsan",2473,2,1,0,2
"top.truyn.audio.h",2474,1,2,0,2
"top.yokara.remix",2475,1,2,0,2
"top_1000_bai_hat_hay",2476,2,1,1,2
"topsao_news",2477,1,2,0,1
"topunguyen",2478,2,1,1,2
"topvalhein.o4",2479,1,2,0,2
"toricodon",2480,1,2,0,2
"toro_pan",2481,2,1,0,2
"tr.sonnie04.tt",2482,2,1,0,2
"tra.dang.904",2483,2,1,0,2
"tra_my012",2484,1,2,0,2
"tracyhomiee",2485,2,1,0,2
"tracythaomyy",2486,1,2,0,2
"tracyum_",2487,2,1,0,2
"tradaoto88",2488,1,2,0,1
"tragiang_bigsize",2489,1,2,0,2
"trainghiemcungnga",2490,2,1,0,2
"traivanphongthichreview",2491,2,1,0,2
"tram.tintuc",2492,2,1,0,2
"tramanh19092",2493,1,2,0,2
"tramanh5p",2494,1,2,0,2
"tramcamxuc6677",2495,1,2,0,2
"tramnguyen_281",2496,2,1,0,2
"tran.c_",2497,2,1,0,2
"tran_lam18",2498,1,1,0,2
"trancongquan79",2499,2,1,0,2
"tranducan95",2500,2,1,0,2
"trang.02_07_08",2501,1,2,0,1
"trang.pham.1703",2502,2,1,0,2
"trang_144205",2503,2,1,0,2
"trang_shin",2504,2,1,0,2
"trang_xinh86",2505,1,2,0,1
"trangdobo.3333",2506,2,1,0,2
"trangex",2507,2,1,1,2
"tranghauqua",2508,2,1,0,2
"trangkieu2001",2509,2,1,0,2
"trangkimchi.91",2510,2,2,0,2
"tranglangthang_17.03",2511,2,1,0,2
"tranglinhne225203",2512,2,1,1,2
"trangnami.911",2513,2,1,0,2
"trangrung08",2514,2,1,0,2
"trangtailor.95",2515,2,1,0,2
"trangxinh_1703",2516,2,1,1,2
"tranhuyentrangne",2517,2,1,0,2
"tranlonggiang305",2518,2,1,0,2
"tranmen122006",2519,1,2,0,2
"trannghia_actor",2520,2,1,0,2
"tranthikhanhlinh9x",2521,2,1,0,2
"tranvan.hao",2522,2,1,1,2
"tranvandu",2523,2,1,0,2
"tranxinh1101",2524,2,1,0,2
"trapcosphay",2525,1,2,0,1
"tretrau966",2526,1,2,0,2
"trggiangdey",2527,2,1,1,2
"trhuuthanh_",2528,2,1,0,2
"trietly2",2529,2,1,0,2
"trieu.roblox2",2530,1,2,0,2
"trieulinhtrangk3",2531,1,2,0,1
"trinhdnk1704",2532,1,2,0,2
"trinhhyy",2533,1,2,0,1
"trinhle1707",2534,1,2,0,2
"trinhlunglinhh96",2535,2,1,0,2
"trinhtrinh1205",2536,2,1,1,2
"trmlinh002",2537,2,1,0,2
"trnkhnh2576",2538,2,1,0,2
"troimuadem",2539,2,1,0,2
"trolyhanacamtien",2540,2,1,0,2
"trong.vinyl",2541,2,1,1,2
"trong94",2542,2,1,1,2
"trongaden.99",2543,2,1,0,2
"trongnguyen2066",2544,2,1,0,2
"trongsaoofficial",2545,2,1,0,2
"trongtran87entertainment",2546,2,1,0,2
"troxlacci",2547,2,1,0,2
"trucbanhmd",2548,2,1,0,2
"trucmy20.12",2549,1,1,0,2
"trucvokts",2550,2,1,0,2
"truczeko",2551,2,1,0,2
"truki2002",2552,1,2,0,2
"trumpan06live",2553,2,1,0,2
"trung.nguyn5796",2554,2,1,0,2
"trung.tn.tin.tin",2555,2,1,0,2
"trungbabeo",2556,1,2,0,1
"trungbinhkhatienganh",2557,1,1,0,2
"trungbuii.review",2558,2,1,1,2
"trungcoca2022",2559,2,1,0,2
"trungduong.162",2560,2,1,1,2
"trungfootball__",2561,2,1,0,2
"trungrancanmohyhy",2562,1,2,0,2
"trungtin15077",2563,1,2,0,2
"truong.lanphuong",2564,2,1,0,2
"truong.minh.hai.68",2565,2,1,0,2
"truong.ngoclan9x",2566,2,1,0,2
"truongchithanh2710",2567,2,1,0,2
"truonghaicutephomaique",2568,2,2,0,2
"truongkysonboss",2569,1,2,0,2
"truongngoctrang1405",2570,1,2,0,2
"truongvantrieu2810",2571,2,1,0,2
"truqhieu196",2572,1,2,0,2
"tt_trinh96",2573,1,2,0,1
"ttmt04_",2574,1,2,0,2
"tuancorn.laca",2575,1,2,0,2
"tuandat.007",2576,2,1,1,2
"tuandungactor",2577,2,1,0,2
"tuanhgaming",2578,2,1,0,2
"tuanhiepnee",2579,2,1,0,2
"tuanhmocmoc",2580,2,1,1,2
"tuanhq_93",2581,1,1,0,2
"tuanhthichanbunca",2582,2,1,0,2
"tuankha0808_03",2583,2,1,0,2
"tuankon",2584,2,1,0,2
"tuanmilkvlog",2585,1,2,0,1
"tuanmolo123",2586,1,2,0,2
"tuannguyen94bl",2587,1,2,0,2
"tuansniperofficial",2588,2,1,0,2
"tuanvupham3333",2589,2,1,0,2
"tuduynho.vn",2590,2,1,0,2
"tugiamy_1802",2591,2,1,0,2
"tuhaovietnam68",2592,1,2,0,2
"tuhuyen268",2593,1,2,0,2
"tuilachenne",2594,2,1,0,2
"tuilaconngua",2595,1,2,0,2
"tuilagray",2596,1,2,0,2
"tuilahaune2003",2597,2,1,0,2
"tuilatieuhy",2598,2,1,0,2
"tuilatiny_",2599,2,1,0,2
"tuiminhothuducxinchao",2600,2,1,1,2
"tuitenbo.official",2601,2,1,0,2
"tuithichvetranh205",2602,2,1,1,2
"tumi.say.hi",2603,2,1,0,2
"tun190104",2604,2,1,1,2
"tunamusic.official",2605,2,1,0,2
"tunauan68",2606,1,2,0,1
"tung.kang",2607,2,1,0,2
"tung.ngt1",2608,2,1,0,2
"tunglogach365",2609,1,2,0,1
"tungss93",2610,1,2,0,1
"tungtung2906",2611,2,1,0,2
"tunguyenvlogs",2612,1,2,0,1
"tuntrng414",2613,1,2,0,2
"tuonghaysuy0",2614,2,1,0,2
"tuongpandaa",2615,2,1,0,2
"tuongvipham720",2616,2,1,1,2
"tuongvyy",2617,2,1,0,2
"tutamtramchualanh8386",2618,2,1,0,2
"tuthanhnehe",2619,2,1,0,2
"tuti.2405",2620,2,1,0,2
"tutus.0106",2621,1,2,0,2
"tuvienphatphap01",2622,1,2,0,2
"tuyen.vlog01",2623,2,1,0,2
"tuyen95xxx",2624,1,2,0,2
"tuyenpoi",2625,1,2,0,2
"tuyenvanhoa",2626,2,1,0,2
"tuyenxusociu",2627,2,1,0,2
"tuyet02102002",2628,2,1,0,2
"tuyet22i",2629,1,2,0,2
"tuyet__86",2630,2,1,1,2
"tuyetbang8_10",2631,2,1,0,2
"tuyetha_cuteha",2632,2,1,0,2
"tuyetruoivlogs",2633,2,1,0,2
"txh2001",2634,2,1,0,2
"txn755loveyou",2635,2,1,1,2
"ty.taurus",2636,2,1,0,2
"tyel___",2637,1,2,0,2
"tymusic_08",2638,1,2,0,2
"tyquay92",2639,2,1,0,2
"tyra.tn",2640,2,1,0,2
"tytachtehino50h",2641,1,2,0,2
"u_sieu.206",2642,1,2,0,2
"udjhdjjdj",2643,1,1,0,2
"ujunhs_",2644,2,1,1,2
"ulatroi.shop",2645,1,2,0,2
"unboxwithvie",2646,1,2,0,2
"uocmotrothanhtyphu1",2647,2,1,0,2
"user2422005276905",2648,1,2,0,1
"user6067546830477",2649,1,2,0,2
"user911.vt",2650,1,2,0,2
"user_0629052",2651,2,1,0,2
"userthaonguyen993",2652,1,2,0,1
"uthoang_2k",2653,2,1,0,2
"utne7777",2654,2,1,0,2
"utnhanmientay",2655,1,2,0,2
"utthuongnguyen",2656,2,1,0,2
"uwutaooo",2657,1,2,0,1
"uyenciu_05",2658,2,1,1,2
"uyenciu_15",2659,2,1,0,2
"uyenciu_157",2660,1,2,0,2
"uyencute.20",2661,2,1,0,2
"uyennhi.0402",2662,2,1,1,2
"uyennhitran07",2663,2,1,0,2
"uyentuyenne",2664,2,1,0,2
"uyinnnnnnnnnn",2665,1,2,0,2
"uyphuctap",2666,2,1,0,2
"uyscuti1102",2667,2,1,0,2
"v2dgamer",2668,2,1,0,2
"vaan._.nn",2669,2,1,0,2
"vanannhiuoi",2670,2,1,1,2
"vanbinhchannel.official",2671,2,1,0,2
"vanbut99",2672,2,1,1,2
"vanchung_234",2673,1,2,0,1
"vangogh.94",2674,1,2,0,2
"vangsau2007",2675,1,2,0,1
"vanhai_hn",2676,2,1,0,2
"vanhmcvn",2677,2,1,0,2
"vanlehong9183",2678,2,1,0,2
"vanmiu_beauty",2679,2,1,0,2
"vanpham0719",2680,2,1,0,2
"vanson20056",2681,1,1,0,2
"vanthiemtv2002",2682,2,1,0,2
"vanvatnhatthe",2683,2,1,0,2
"vanvuive0708",2684,2,1,1,2
"venaa030712",2685,2,1,0,2
"vethuongnoi",2686,2,1,0,2
"vhpgame",2687,2,1,0,2
"videosgamemusic",2688,2,1,0,2
"vieai.art",2689,2,1,0,2
"viemde79",2690,2,1,0,2
"viencanh_hienthuc2041",2691,2,1,1,2
"viengrc",2692,1,2,0,2
"vientam10",2693,2,1,0,2
"vietanhhahaha",2694,2,1,0,2
"vietcgtiktok",2695,2,1,0,2
"vietjoetv",2696,2,1,0,2
"vietlydo306",2697,1,2,0,2
"vietnambuildandinvest",2698,2,1,0,2
"vietnamdigitalreview",2699,2,1,0,2
"vietnamfamilyday",2700,2,1,0,2
"vietrqu",2701,2,1,1,2
"vinh.qdance",2702,1,2,0,2
"vinhchu.official",2703,2,1,0,2
"vinhgau194",2704,2,1,0,2
"vinhgau94",2705,1,1,0,2
"vinhgaudaily",2706,2,1,0,2
"vinhkhang1985",2707,1,1,0,2
"vinhphan_196",2708,2,1,0,2
"vinhthemike",2709,2,1,0,2
"violet122004",2710,1,2,0,2
"viquocvy",2711,2,1,1,2
"vitamincheese__",2712,2,1,0,2
"vitammyn_133",2713,2,1,0,2
"vitcon53",2714,2,1,0,2
"vithehien",2715,2,1,0,2
"vivanthuyofficial",2716,2,1,0,2
"vivuu.cunghang",2717,2,1,0,2
"vlcarvn",2718,2,1,0,2
"vlogdaily39",2719,2,1,1,2
"vmshgdv",2720,2,1,0,2
"vn.s812",2721,2,1,1,2
"vnhainguyet",2722,2,1,1,2
"vnmusicaward",2723,1,2,0,2
"vnno1jueyyh",2724,2,1,0,2
"vocanh.actor",2725,2,1,0,2
"vochongaphui",2726,1,2,0,2
"vokhangg_",2727,2,1,0,2
"volethuytrinh",2728,2,1,0,2
"votuanstore",2729,2,1,1,2
"vpt_tixinh",2730,2,1,0,2
"vsmchill",2731,1,2,0,1
"vsorl0602",2732,2,1,0,2
"vth23010",2733,2,1,0,2
"vthn_206",2734,2,1,0,2
"vtn.10",2735,1,2,0,2
"vu_dieuthuy_",2736,1,2,0,2
"vuducmanh76",2737,1,2,0,2
"vugiahieu99",2738,2,1,0,2
"vuhphuong",2739,2,1,0,2
"vui_khoe_moi_ngay_nha",2740,2,1,0,2
"vulinh375",2741,1,2,0,2
"vulinhs2",2742,2,1,0,2
"vungtau24hvn",2743,2,1,0,2
"vuoanh0686",2744,2,1,0,2
"vuong_xuan_hue",2745,2,1,0,2
"vuongphamyoutuber",2746,2,1,1,2
"vuonqqphl08",2747,1,1,0,2
"vuonsenda.vn",2748,2,1,0,2
"vuphuho",2749,2,1,1,2
"vuthanh187.1",2750,2,1,0,2
"vuthuhuong3003",2751,2,1,1,2
"vuvicungyuhi",2752,2,1,0,2
"vuvu_thichchill",2753,2,1,0,2
"vuxuantruong77",2754,2,1,0,2
"vybluegaming",2755,2,1,0,2
"vycactii10",2756,2,2,0,2
"vyhaycuoi1905",2757,2,1,0,2
"vyhoangmc",2758,1,2,0,1
"vzbang",2759,1,2,0,1
"wagthuha206",2760,1,2,0,2
"wangsot99",2761,2,1,0,2
"whyforget_",2762,1,2,0,2
"winteams.lykio",2763,2,1,1,2
"womanvietnam.vn",2764,1,2,0,1
"wonrtoys",2765,2,1,1,2
"world_war_news1",2766,2,1,0,2
"wuang.san",2767,2,1,0,2
"wuynanhpham_",2768,2,1,0,2
"wwkeisha",2769,2,1,0,2
"wzenmusic2x",2770,1,2,0,2
"x.ka.baongoc",2771,1,2,0,2
"xauchinhphuc",2772,1,2,0,2
"xaynhatrongoitmt",2773,2,1,0,2
"xaytrongoi",2774,1,2,0,2
"xiaogou035",2775,2,1,0,2
"xiaohhongshu_rednote",2776,2,1,0,2
"xiaomeng2701",2777,2,1,1,2
"xiaoniudizi",2778,1,2,0,2
"xinchaoquyleday",2779,2,1,0,2
"xinh_322",2780,2,1,0,2
"xlendrot",2781,2,1,0,2
"xmeo9999",2782,2,1,0,2
"xoaiphamlatao",2783,2,1,0,2
"xomdodep",2784,1,2,0,1
"xuandiendao",2785,1,2,0,2
"xuanhiep998",2786,2,2,0,2
"xuannam.003",2787,1,2,0,2
"xuannhichan",2788,2,1,0,2
"xuantienofficial",2789,2,1,1,2
"xuantuantintuc",2790,1,2,0,1
"xunnthahh",2791,2,1,0,2
"xxtienvu",2792,2,1,0,2
"xyxcsky",2793,2,1,0,2
"yang1866600",2794,2,2,0,2
"yangto1406",2795,2,1,0,2
"yangyunxetuimu",2796,2,1,0,2
"yanpink98",2797,2,1,0,2
"yantv.yandigital",2798,1,2,0,2
"yenchi0219",2799,2,1,0,2
"yendinh1275",2800,1,2,0,2
"yenjiivu",2801,2,1,0,2
"yenmannxinhh",2802,2,1,0,2
"yennhine9999",2803,2,1,0,2
"yenvybuiyvin",2804,2,1,0,2
"yenyenluong11",2805,2,1,0,2
"yeuanhkoff",2806,2,1,0,2
"yeudoifulltime",2807,2,1,1,2
"yeuphimhk_0110",2808,2,1,0,2
"yeuphimhoangu02",2809,1,2,0,1
"yhoctamtri",2810,1,2,0,2
"yippee1336",2811,2,1,0,2
"ykcars_",2812,2,1,1,2
"yogatabata",2813,2,1,1,2
"youngsaintpeter",2814,2,1,1,2
"youtubesalankimngan",2815,1,2,0,2
"ytedoisong.vn",2816,1,2,0,1
"yu.i..yu.h",2817,2,1,0,2
"yu.theeditor",2818,2,1,0,2
"yubinguyen65",2819,1,2,0,2
"yuily.pham",2820,2,1,1,2
"yumichannel.official",2821,2,1,1,2
"yune1509",2822,2,1,0,2
"yunie1101",2823,2,1,0,2
"yutathichdap",2824,2,1,0,2
"yuuxinh7699",2825,2,1,0,2
"yvaimz",2826,1,2,0,2
"zennie165",2827,1,2,0,2
"zent94",2828,2,1,1,2
"zetvuhieu_2405",2829,2,1,1,2
"zeustarot10",2830,2,1,1,2
"zhenya.tail",2831,2,1,0,2
"zhouxunfaner",2832,1,2,0,2
"zi.kdtr",2833,2,1,0,2
"zic_ng",2834,2,1,0,2
"zicky.lee",2835,2,1,0,2
"zihuynxing",2836,2,1,0,2
"zinzonxinchao",2837,2,1,0,2
"zionloi99",2838,2,1,0,2
"ziuen19_11",2839,1,2,0,2
"zqnn98",2840,1,2,0,2
"ztimu_",2841,2,1,0,2
"zuohang2006.official",2842,1,2,0,1
"zybithanhtruc",2843,2,1,1,2
"zynanh15",2844,1,1,0,2
"zyycute._",2845,2,1,1,2
